Patient_ID,Arrival_Time,Doctor_Seen_Time,Department,Severity,Wait_Time_Min,Arrival_Hour,SLA_Status
1,2026-01-12 23:45:15,2026-01-12 23:58:15,Radiology,Critical,13.3,23,On Time
2,2026-01-07 01:23:56,2026-01-07 01:35:56,Radiology,Urgent,11.98,1,On Time
3,2026-01-27 19:46:38,2026-01-27 20:04:38,Lab,Urgent,17.53,19,On Time
4,2026-01-10 22:19:46,2026-01-10 22:36:46,OPD,Normal,16.52,22,On Time
5,2026-02-03 09:07:26,2026-02-03 09:39:26,Radiology,Critical,31.57,9,Delayed
6,2026-01-26 00:48:17,2026-01-26 01:13:17,ER,Urgent,25.08,0,Delayed
7,2026-01-03 17:04:53,2026-01-03 17:34:53,ER,Urgent,29.85,17,Delayed
8,2026-02-12 09:48:23,2026-02-12 10:20:23,OPD,Critical,31.98,9,Delayed
9,2026-02-16 12:03:47,2026-02-16 12:18:47,OPD,Normal,15.02,12,On Time
10,2026-02-05 07:19:38,2026-02-05 07:47:38,ER,Critical,28.02,7,Delayed
11,2026-01-04 00:12:51,2026-01-04 00:20:51,OPD,Critical,7.79,0,On Time
12,2026-02-02 08:01:01,2026-02-02 08:30:01,OPD,Urgent,29.11,8,Delayed
13,2026-02-16 20:27:41,2026-02-16 20:35:41,ER,Normal,8.39,20,On Time
14,2026-01-12 08:56:36,2026-01-12 09:20:36,Lab,Critical,24.03,8,Delayed
15,2026-02-15 18:13:14,2026-02-15 18:32:14,ER,Normal,19.08,18,On Time
16,2026-01-15 05:18:33,2026-01-15 05:39:33,Radiology,Critical,21.16,5,Delayed
17,2026-02-01 09:15:03,2026-02-01 09:42:03,ER,Critical,27.02,9,Delayed
18,2026-01-14 06:59:13,2026-01-14 07:10:13,OPD,Normal,10.76,6,On Time
19,2026-02-06 15:17:45,2026-02-06 15:33:45,Radiology,Normal,15.67,15,On Time
20,2026-01-31 00:34:46,2026-01-31 00:54:46,Radiology,Urgent,19.91,0,On Time
21,2026-01-11 15:48:23,2026-01-11 16:11:23,Lab,Normal,23.35,15,Delayed
22,2026-01-24 22:41:41,2026-01-24 23:04:41,Radiology,Urgent,23.27,22,Delayed
23,2026-01-31 00:01:19,2026-01-31 00:14:19,Radiology,Urgent,13.27,0,On Time
24,2026-01-11 17:15:24,2026-01-11 17:26:24,OPD,Normal,11.18,17,On Time
25,2026-02-16 13:19:20,2026-02-16 13:34:20,OPD,Urgent,14.75,13,On Time
26,2026-02-10 03:47:49,2026-02-10 04:16:49,ER,Normal,29.28,3,Delayed
27,2026-02-13 07:19:37,2026-02-13 07:33:37,OPD,Normal,14.15,7,On Time
28,2026-01-21 21:38:20,2026-01-21 21:46:20,OPD,Urgent,7.53,21,On Time
29,2026-01-02 12:40:11,2026-01-02 12:52:11,ER,Normal,12.01,12,On Time
30,2026-02-01 00:58:52,2026-02-01 01:12:52,ER,Critical,14.33,0,On Time
31,2026-01-24 06:17:17,2026-01-24 06:43:17,OPD,Urgent,26.05,6,Delayed
32,2026-01-05 13:24:01,2026-01-05 13:44:01,OPD,Critical,20.37,13,Delayed
33,2026-02-09 06:59:20,2026-02-09 07:30:20,OPD,Urgent,31.43,6,Delayed
34,2026-01-28 15:51:57,2026-01-28 16:15:57,Radiology,Critical,24.11,15,Delayed
35,2026-01-06 03:54:02,2026-01-06 04:03:02,OPD,Normal,9.06,3,On Time
36,2026-01-11 04:50:32,2026-01-11 05:19:32,OPD,Normal,28.87,4,Delayed
37,2026-01-22 00:56:30,2026-01-22 01:28:30,OPD,Urgent,32.05,0,Delayed
38,2026-01-31 02:50:03,2026-01-31 03:19:03,OPD,Normal,28.65,2,Delayed
39,2026-02-16 07:55:25,2026-02-16 08:12:25,Lab,Urgent,17.37,7,On Time
40,2026-01-12 16:16:42,2026-01-12 16:36:42,Radiology,Urgent,20.49,16,Delayed
41,2026-01-13 21:39:18,2026-01-13 22:06:18,ER,Critical,27.48,21,Delayed
42,2026-03-01 13:09:39,2026-03-01 13:20:39,Radiology,Critical,10.53,13,On Time
43,2026-01-01 00:07:52,2026-01-01 00:27:52,Lab,Critical,20.05,0,Delayed
44,2026-02-08 11:00:24,2026-02-08 11:08:24,Lab,Normal,8.21,11,On Time
45,2026-02-20 20:43:22,2026-02-20 20:49:22,Lab,Normal,5.88,20,On Time
46,2026-02-21 00:24:49,2026-02-21 00:43:49,Lab,Critical,18.61,0,On Time
47,2026-02-28 23:20:47,2026-02-28 23:32:47,ER,Urgent,11.99,23,On Time
48,2026-01-16 06:20:36,2026-01-16 06:29:36,Radiology,Critical,8.93,6,On Time
49,2026-02-08 20:42:57,2026-02-08 20:48:57,OPD,Critical,6.36,20,On Time
50,2026-02-03 15:44:53,2026-02-03 16:18:53,ER,Urgent,33.72,15,Delayed
51,2026-02-26 03:41:22,2026-02-26 04:08:22,Radiology,Critical,26.9,3,Delayed
52,2026-02-04 13:53:59,2026-02-04 14:23:59,OPD,Urgent,29.6,13,Delayed
53,2026-02-22 04:51:13,2026-02-22 05:01:13,ER,Urgent,9.79,4,On Time
54,2026-02-14 10:59:41,2026-02-14 11:14:41,OPD,Normal,14.66,10,On Time
55,2026-02-10 18:02:55,2026-02-10 18:22:55,OPD,Urgent,19.77,18,On Time
56,2026-02-26 20:08:21,2026-02-26 20:37:21,ER,Urgent,29.14,20,Delayed
57,2026-02-24 21:52:19,2026-02-24 22:00:19,Radiology,Urgent,8.03,21,On Time
58,2026-01-11 14:52:14,2026-01-11 15:09:14,Lab,Urgent,17.4,14,On Time
59,2026-02-04 17:02:31,2026-02-04 17:24:31,ER,Critical,22.45,17,Delayed
60,2026-01-06 08:54:20,2026-01-06 09:01:20,ER,Urgent,7.45,8,On Time
61,2026-02-20 18:16:17,2026-02-20 18:47:17,Radiology,Urgent,31.14,18,Delayed
62,2026-02-26 01:46:15,2026-02-26 01:58:15,OPD,Critical,12.17,1,On Time
63,2026-01-02 15:27:23,2026-01-02 15:44:23,Radiology,Normal,17.48,15,On Time
64,2026-02-11 22:10:26,2026-02-11 22:23:26,OPD,Normal,13.39,22,On Time
65,2026-01-27 17:42:06,2026-01-27 17:54:06,Radiology,Critical,11.53,17,On Time
66,2026-01-16 03:37:36,2026-01-16 04:11:36,ER,Critical,33.8,3,Delayed
67,2026-02-01 02:08:27,2026-02-01 02:31:27,OPD,Urgent,23.15,2,Delayed
68,2026-01-17 08:33:15,2026-01-17 09:01:15,Radiology,Urgent,27.59,8,Delayed
69,2026-02-02 00:41:25,2026-02-02 00:53:25,Lab,Urgent,12.34,0,On Time
70,2026-01-01 23:56:45,2026-01-02 00:30:45,Lab,Normal,33.6,23,Delayed
71,2026-01-28 21:31:05,2026-01-28 21:41:05,OPD,Urgent,9.68,21,On Time
72,2026-01-08 17:10:23,2026-01-08 17:23:23,Radiology,Critical,13.19,17,On Time
73,2026-01-27 19:25:45,2026-01-27 19:30:45,Lab,Urgent,5.11,19,On Time
74,2026-02-20 17:13:53,2026-02-20 17:21:53,Radiology,Urgent,8.01,17,On Time
75,2026-02-14 16:39:25,2026-02-14 16:48:25,OPD,Normal,9.17,16,On Time
76,2026-01-02 21:37:51,2026-01-02 21:57:51,OPD,Normal,20.35,21,Delayed
77,2026-02-01 22:13:06,2026-02-01 22:27:06,Radiology,Normal,14.18,22,On Time
78,2026-02-26 12:51:48,2026-02-26 13:10:48,Lab,Critical,18.99,12,On Time
79,2026-01-06 20:28:58,2026-01-06 20:37:58,OPD,Critical,8.66,20,On Time
80,2026-01-09 07:42:39,2026-01-09 07:48:39,Radiology,Normal,6.21,7,On Time
81,2026-02-10 01:46:33,2026-02-10 02:19:33,Lab,Urgent,32.77,1,Delayed
82,2026-02-21 08:35:30,2026-02-21 08:47:30,Lab,Urgent,12.26,8,On Time
83,2026-01-30 19:11:07,2026-01-30 19:17:07,Lab,Critical,5.88,19,On Time
84,2026-01-02 04:40:01,2026-01-02 05:00:01,OPD,Normal,20.13,4,Delayed
85,2026-02-05 22:47:09,2026-02-05 23:10:09,ER,Critical,23.14,22,Delayed
86,2026-02-23 21:35:49,2026-02-23 21:56:49,ER,Urgent,21.38,21,Delayed
87,2026-02-05 18:07:19,2026-02-05 18:23:19,Radiology,Normal,15.73,18,On Time
88,2026-02-08 02:30:49,2026-02-08 02:47:49,ER,Critical,16.84,2,On Time
89,2026-02-03 18:20:45,2026-02-03 18:36:45,ER,Urgent,15.65,18,On Time
90,2026-02-04 17:03:12,2026-02-04 17:32:12,ER,Normal,28.69,17,Delayed
91,2026-02-20 19:18:32,2026-02-20 19:27:32,ER,Urgent,9.25,19,On Time
92,2026-02-04 09:39:29,2026-02-04 10:03:29,OPD,Critical,23.61,9,Delayed
93,2026-01-05 20:44:42,2026-01-05 20:57:42,ER,Normal,13.12,20,On Time
94,2026-01-22 21:15:33,2026-01-22 21:38:33,Radiology,Normal,23.2,21,Delayed
95,2026-02-02 19:34:46,2026-02-02 19:43:46,Radiology,Urgent,8.52,19,On Time
96,2026-01-04 01:48:16,2026-01-04 01:57:16,OPD,Normal,8.68,1,On Time
97,2026-01-17 17:04:05,2026-01-17 17:27:05,ER,Normal,22.93,17,Delayed
98,2026-01-23 20:12:10,2026-01-23 20:17:10,Radiology,Critical,5.05,20,On Time
99,2026-01-02 03:04:51,2026-01-02 03:13:51,Lab,Urgent,8.74,3,On Time
100,2026-02-06 20:21:10,2026-02-06 20:46:10,Lab,Normal,25.42,20,Delayed
101,2026-01-08 11:28:33,2026-01-08 11:43:33,OPD,Urgent,15.18,11,On Time
102,2026-01-01 07:43:24,2026-01-01 07:55:24,ER,Critical,12.29,7,On Time
103,2026-02-14 15:36:30,2026-02-14 16:08:30,OPD,Normal,32.45,15,Delayed
104,2026-02-19 00:09:00,2026-02-19 00:19:00,OPD,Urgent,10.3,0,On Time
105,2026-02-22 11:11:01,2026-02-22 11:30:01,Lab,Critical,19.05,11,On Time
106,2026-02-16 07:51:10,2026-02-16 08:05:10,ER,Critical,14.15,7,On Time
107,2026-01-01 11:43:11,2026-01-01 12:08:11,OPD,Urgent,24.83,11,Delayed
108,2026-01-15 23:49:05,2026-01-16 00:24:05,ER,Critical,34.85,23,Delayed
109,2026-01-03 20:19:30,2026-01-03 20:48:30,Radiology,Normal,29.05,20,Delayed
110,2026-01-03 02:16:33,2026-01-03 02:33:33,Radiology,Critical,16.82,2,On Time
111,2026-01-08 22:19:09,2026-01-08 22:31:09,Lab,Normal,11.7,22,On Time
112,2026-01-31 07:11:26,2026-01-31 07:38:26,ER,Urgent,26.74,7,Delayed
113,2026-01-31 10:35:32,2026-01-31 10:53:32,Lab,Critical,18.14,10,On Time
114,2026-01-08 02:41:50,2026-01-08 03:02:50,ER,Urgent,20.6,2,Delayed
115,2026-02-03 19:13:03,2026-02-03 19:43:03,Lab,Critical,30.2,19,Delayed
116,2026-02-07 13:08:03,2026-02-07 13:14:03,OPD,Urgent,6.05,13,On Time
117,2026-01-01 20:30:04,2026-01-01 21:03:04,Lab,Critical,32.83,20,Delayed
118,2026-01-12 16:02:25,2026-01-12 16:18:25,OPD,Urgent,16.49,16,On Time
119,2026-02-03 01:15:58,2026-02-03 01:27:58,OPD,Normal,11.81,1,On Time
120,2026-01-12 23:03:16,2026-01-12 23:32:16,OPD,Normal,29.29,23,Delayed
121,2026-02-15 05:10:37,2026-02-15 05:24:37,OPD,Urgent,14.18,5,On Time
122,2026-01-21 04:17:57,2026-01-21 04:34:57,Radiology,Urgent,16.85,4,On Time
123,2026-01-19 23:22:53,2026-01-19 23:47:53,OPD,Urgent,24.61,23,Delayed
124,2026-01-14 15:39:57,2026-01-14 15:51:57,OPD,Urgent,11.77,15,On Time
125,2026-01-26 23:30:32,2026-01-26 23:50:32,ER,Urgent,20.05,23,Delayed
126,2026-01-06 02:40:34,2026-01-06 03:09:34,Lab,Critical,28.93,2,Delayed
127,2026-01-09 21:41:35,2026-01-09 22:14:35,ER,Urgent,33.04,21,Delayed
128,2026-03-01 23:59:34,2026-03-02 00:34:34,Radiology,Normal,34.68,23,Delayed
129,2026-02-28 16:26:41,2026-02-28 16:49:41,ER,Urgent,23.01,16,Delayed
130,2026-01-30 01:12:50,2026-01-30 01:41:50,Lab,Urgent,29.25,1,Delayed
131,2026-02-20 20:23:07,2026-02-20 20:48:07,Radiology,Normal,25.02,20,Delayed
132,2026-01-29 05:53:46,2026-01-29 06:11:46,Radiology,Urgent,18.23,5,On Time
133,2026-02-19 11:10:05,2026-02-19 11:21:05,Lab,Critical,11.02,11,On Time
134,2026-02-08 17:04:45,2026-02-08 17:12:45,OPD,Critical,7.56,17,On Time
135,2026-02-01 09:35:53,2026-02-01 09:41:53,Lab,Urgent,5.56,9,On Time
136,2026-01-15 12:44:36,2026-01-15 13:05:36,Radiology,Normal,20.68,12,Delayed
137,2026-02-10 17:35:52,2026-02-10 18:04:52,Radiology,Critical,28.7,17,Delayed
138,2026-01-15 11:53:17,2026-01-15 12:17:17,OPD,Normal,23.57,11,Delayed
139,2026-02-22 12:15:17,2026-02-22 12:31:17,OPD,Critical,16.49,12,On Time
140,2026-02-07 00:27:35,2026-02-07 00:38:35,ER,Critical,10.83,0,On Time
141,2026-02-14 05:08:35,2026-02-14 05:32:35,Radiology,Normal,23.76,5,Delayed
142,2026-02-16 22:50:33,2026-02-16 23:19:33,Lab,Normal,28.8,22,Delayed
143,2026-02-13 02:28:39,2026-02-13 02:46:39,ER,Critical,18.4,2,On Time
144,2026-01-02 07:35:00,2026-01-02 08:09:00,Lab,Normal,33.67,7,Delayed
145,2026-01-21 00:26:42,2026-01-21 00:49:42,Radiology,Normal,22.58,0,Delayed
146,2026-02-09 18:28:24,2026-02-09 18:52:24,ER,Critical,24.29,18,Delayed
147,2026-01-20 12:23:03,2026-01-20 12:29:03,ER,Urgent,5.74,12,On Time
148,2026-02-22 15:27:18,2026-02-22 15:44:18,OPD,Urgent,16.85,15,On Time
149,2026-02-06 02:01:54,2026-02-06 02:19:54,OPD,Urgent,17.92,2,On Time
150,2026-01-13 21:05:14,2026-01-13 21:32:14,Radiology,Urgent,26.5,21,Delayed
151,2026-02-24 12:21:45,2026-02-24 12:53:45,Radiology,Urgent,32.23,12,Delayed
152,2026-01-16 12:20:14,2026-01-16 12:33:14,Lab,Critical,13.26,12,On Time
153,2026-01-06 14:22:35,2026-01-06 14:55:35,OPD,Critical,32.86,14,Delayed
154,2026-01-04 19:48:01,2026-01-04 20:00:01,Radiology,Critical,11.79,19,On Time
155,2026-01-19 11:03:02,2026-01-19 11:22:02,OPD,Urgent,18.79,11,On Time
156,2026-01-23 02:36:34,2026-01-23 02:51:34,Lab,Critical,15.35,2,On Time
157,2026-01-29 00:01:06,2026-01-29 00:10:06,OPD,Critical,9.11,0,On Time
158,2026-01-14 10:55:41,2026-01-14 11:02:41,Lab,Critical,7.19,10,On Time
159,2026-01-08 02:54:08,2026-01-08 03:25:08,ER,Urgent,31.33,2,Delayed
160,2026-02-02 14:21:46,2026-02-02 14:30:46,ER,Normal,8.98,14,On Time
161,2026-02-14 11:25:36,2026-02-14 11:42:36,Radiology,Normal,17.05,11,On Time
162,2026-01-15 19:58:01,2026-01-15 20:05:01,Lab,Normal,7.23,19,On Time
163,2026-02-14 19:07:48,2026-02-14 19:41:48,Lab,Normal,33.53,19,Delayed
164,2026-01-05 00:16:49,2026-01-05 00:26:49,Lab,Normal,10.01,0,On Time
165,2026-01-28 10:39:20,2026-01-28 10:52:20,Radiology,Critical,13.1,10,On Time
166,2026-01-29 08:12:06,2026-01-29 08:21:06,ER,Urgent,8.52,8,On Time
167,2026-02-28 06:07:23,2026-02-28 06:23:23,Radiology,Urgent,16.0,6,On Time
168,2026-02-15 19:53:15,2026-02-15 20:07:15,ER,Critical,14.08,19,On Time
169,2026-01-21 13:32:15,2026-01-21 13:40:15,Lab,Critical,8.26,13,On Time
170,2026-02-11 08:29:49,2026-02-11 08:55:49,OPD,Critical,26.2,8,Delayed
171,2026-02-08 17:58:24,2026-02-08 18:21:24,ER,Urgent,23.1,17,Delayed
172,2026-02-11 04:39:34,2026-02-11 05:04:34,OPD,Urgent,25.37,4,Delayed
173,2026-01-11 22:21:00,2026-01-11 22:56:00,OPD,Critical,34.97,22,Delayed
174,2026-02-22 16:43:07,2026-02-22 17:08:07,Lab,Critical,24.72,16,Delayed
175,2026-01-30 12:09:52,2026-01-30 12:32:52,OPD,Urgent,22.68,12,Delayed
176,2026-02-02 10:12:23,2026-02-02 10:45:23,ER,Critical,32.85,10,Delayed
177,2026-02-01 19:30:37,2026-02-01 19:56:37,Radiology,Urgent,25.87,19,Delayed
178,2026-01-06 09:22:49,2026-01-06 09:39:49,Lab,Urgent,16.94,9,On Time
179,2026-02-22 05:10:34,2026-02-22 05:19:34,ER,Normal,9.0,5,On Time
180,2026-01-14 07:40:03,2026-01-14 07:59:03,Lab,Critical,19.31,7,On Time
181,2026-02-09 02:44:24,2026-02-09 03:12:24,Radiology,Critical,28.26,2,Delayed
182,2026-02-07 06:50:02,2026-02-07 07:03:02,Lab,Normal,13.32,6,On Time
183,2026-01-21 10:08:19,2026-01-21 10:24:19,Radiology,Normal,15.7,10,On Time
184,2026-01-25 20:03:53,2026-01-25 20:33:53,ER,Urgent,30.49,20,Delayed
185,2026-01-25 13:03:44,2026-01-25 13:26:44,Lab,Normal,22.62,13,Delayed
186,2026-02-16 23:07:07,2026-02-16 23:29:07,OPD,Normal,22.05,23,Delayed
187,2026-01-21 07:41:16,2026-01-21 07:58:16,Radiology,Normal,17.04,7,On Time
188,2026-02-15 20:23:43,2026-02-15 20:45:43,Lab,Critical,22.4,20,Delayed
189,2026-02-10 12:56:15,2026-02-10 13:15:15,OPD,Urgent,19.35,12,On Time
190,2026-02-21 01:37:44,2026-02-21 01:45:44,Radiology,Critical,7.65,1,On Time
191,2026-01-13 14:50:52,2026-01-13 15:11:52,ER,Urgent,20.81,14,Delayed
192,2026-01-12 16:52:12,2026-01-12 17:17:12,Lab,Urgent,24.5,16,Delayed
193,2026-02-21 23:47:27,2026-02-21 23:59:27,OPD,Normal,11.51,23,On Time
194,2026-01-26 01:50:06,2026-01-26 02:18:06,Lab,Urgent,27.97,1,Delayed
195,2026-01-10 22:26:16,2026-01-10 22:34:16,Radiology,Urgent,7.8,22,On Time
196,2026-02-26 11:33:45,2026-02-26 12:08:45,ER,Normal,34.88,11,Delayed
197,2026-01-29 12:30:05,2026-01-29 12:35:05,Lab,Critical,5.37,12,On Time
198,2026-02-17 15:25:31,2026-02-17 15:47:31,OPD,Critical,21.5,15,Delayed
199,2026-02-21 06:20:03,2026-02-21 06:46:03,Radiology,Urgent,25.88,6,Delayed
200,2026-02-14 11:10:10,2026-02-14 11:21:10,Radiology,Urgent,11.28,11,On Time
201,2026-03-01 06:07:45,2026-03-01 06:26:45,OPD,Urgent,18.86,6,On Time
202,2026-02-12 21:39:51,2026-02-12 22:00:51,OPD,Normal,20.62,21,Delayed
203,2026-01-16 22:23:44,2026-01-16 22:32:44,Radiology,Critical,9.32,22,On Time
204,2026-01-10 22:56:22,2026-01-10 23:09:22,Radiology,Urgent,13.01,22,On Time
205,2026-01-25 06:13:33,2026-01-25 06:44:33,ER,Critical,31.19,6,Delayed
206,2026-01-15 13:24:50,2026-01-15 13:53:50,ER,Normal,28.84,13,Delayed
207,2026-01-29 16:41:08,2026-01-29 17:12:08,Radiology,Normal,30.88,16,Delayed
208,2026-01-24 04:42:31,2026-01-24 05:03:31,OPD,Urgent,20.59,4,Delayed
209,2026-02-21 23:33:34,2026-02-21 23:51:34,Lab,Critical,17.64,23,On Time
210,2026-02-20 19:30:57,2026-02-20 19:47:57,Lab,Urgent,17.38,19,On Time
211,2026-01-19 09:41:21,2026-01-19 09:58:21,ER,Urgent,17.27,9,On Time
212,2026-02-06 14:40:19,2026-02-06 15:11:19,OPD,Normal,30.81,14,Delayed
213,2026-01-27 23:44:01,2026-01-28 00:17:01,OPD,Normal,32.96,23,Delayed
214,2026-02-21 16:12:07,2026-02-21 16:18:07,Lab,Normal,5.89,16,On Time
215,2026-02-28 10:52:08,2026-02-28 11:17:08,OPD,Critical,25.11,10,Delayed
216,2026-01-24 15:42:18,2026-01-24 16:04:18,Lab,Urgent,21.84,15,Delayed
217,2026-01-19 18:30:04,2026-01-19 18:43:04,OPD,Normal,12.59,18,On Time
218,2026-01-23 09:48:31,2026-01-23 10:01:31,ER,Critical,12.71,9,On Time
219,2026-02-15 17:46:29,2026-02-15 18:11:29,ER,Critical,24.75,17,Delayed
220,2026-01-14 22:16:15,2026-01-14 22:21:15,OPD,Normal,5.38,22,On Time
221,2026-02-22 07:11:55,2026-02-22 07:45:55,OPD,Urgent,34.28,7,Delayed
222,2026-01-11 17:15:08,2026-01-11 17:41:08,ER,Normal,26.3,17,Delayed
223,2026-02-10 06:27:25,2026-02-10 06:48:25,Lab,Urgent,20.8,6,Delayed
224,2026-02-14 01:19:01,2026-02-14 01:27:01,OPD,Urgent,8.46,1,On Time
225,2026-01-30 00:43:00,2026-01-30 01:14:00,Radiology,Urgent,30.71,0,Delayed
226,2026-01-29 19:12:13,2026-01-29 19:35:13,Lab,Critical,23.36,19,Delayed
227,2026-01-28 00:52:49,2026-01-28 01:11:49,Radiology,Urgent,19.03,0,On Time
228,2026-02-10 18:29:32,2026-02-10 18:58:32,ER,Normal,29.45,18,Delayed
229,2026-02-04 07:34:17,2026-02-04 07:59:17,Lab,Normal,24.54,7,Delayed
230,2026-01-08 19:12:21,2026-01-08 19:29:21,Lab,Normal,16.95,19,On Time
231,2026-01-16 22:22:09,2026-01-16 22:54:09,Lab,Urgent,31.55,22,Delayed
232,2026-02-02 21:01:35,2026-02-02 21:14:35,Radiology,Normal,13.4,21,On Time
233,2026-01-27 00:11:32,2026-01-27 00:26:32,OPD,Critical,15.39,0,On Time
234,2026-01-18 18:53:06,2026-01-18 19:02:06,Lab,Urgent,8.83,18,On Time
235,2026-02-04 06:02:28,2026-02-04 06:30:28,ER,Critical,27.89,6,Delayed
236,2026-02-17 14:25:07,2026-02-17 14:39:07,ER,Normal,14.23,14,On Time
237,2026-02-22 16:17:15,2026-02-22 16:45:15,OPD,Normal,28.32,16,Delayed
238,2026-02-23 02:42:47,2026-02-23 03:06:47,Lab,Normal,24.24,2,Delayed
239,2026-01-31 19:22:42,2026-01-31 19:29:42,Radiology,Normal,6.99,19,On Time
240,2026-01-25 19:05:41,2026-01-25 19:34:41,Lab,Critical,28.82,19,Delayed
241,2026-01-10 11:50:48,2026-01-10 12:24:48,OPD,Critical,34.44,11,Delayed
242,2026-02-17 20:47:52,2026-02-17 21:02:52,OPD,Critical,14.94,20,On Time
243,2026-02-19 06:06:35,2026-02-19 06:15:35,ER,Normal,9.15,6,On Time
244,2026-02-27 03:05:23,2026-02-27 03:27:23,ER,Urgent,22.35,3,Delayed
245,2026-01-06 12:52:57,2026-01-06 13:01:57,OPD,Normal,9.3,12,On Time
246,2026-02-01 16:31:58,2026-02-01 16:46:58,ER,Urgent,14.96,16,On Time
247,2026-02-10 19:16:54,2026-02-10 19:29:54,ER,Urgent,12.69,19,On Time
248,2026-01-29 18:30:51,2026-01-29 18:37:51,Radiology,Urgent,7.22,18,On Time
249,2026-01-24 12:33:50,2026-01-24 12:57:50,ER,Urgent,24.42,12,Delayed
250,2026-02-08 01:47:39,2026-02-08 01:54:39,Lab,Critical,7.46,1,On Time
251,2026-02-24 05:46:45,2026-02-24 06:11:45,Lab,Critical,25.0,5,Delayed
252,2026-02-10 12:56:23,2026-02-10 13:03:23,ER,Critical,6.62,12,On Time
253,2026-02-01 10:14:27,2026-02-01 10:33:27,Radiology,Urgent,19.05,10,On Time
254,2026-02-25 16:29:58,2026-02-25 16:43:58,Lab,Urgent,13.9,16,On Time
255,2026-02-25 05:51:21,2026-02-25 06:20:21,ER,Urgent,28.81,5,Delayed
256,2026-02-08 00:10:10,2026-02-08 00:21:10,ER,Critical,11.47,0,On Time
257,2026-02-11 15:48:53,2026-02-11 16:15:53,Lab,Normal,27.0,15,Delayed
258,2026-02-20 10:48:04,2026-02-20 10:54:04,Lab,Urgent,6.47,10,On Time
259,2026-01-10 23:50:13,2026-01-11 00:08:13,Lab,Normal,17.95,23,On Time
260,2026-01-02 05:12:11,2026-01-02 05:20:11,OPD,Normal,8.1,5,On Time
261,2026-01-28 21:54:22,2026-01-28 22:12:22,Lab,Urgent,17.83,21,On Time
262,2026-02-25 12:23:38,2026-02-25 12:38:38,Radiology,Urgent,15.03,12,On Time
263,2026-02-11 04:44:29,2026-02-11 04:49:29,Radiology,Normal,5.28,4,On Time
264,2026-02-03 22:29:21,2026-02-03 22:37:21,Radiology,Normal,8.39,22,On Time
265,2026-01-24 09:47:22,2026-01-24 10:21:22,Lab,Critical,33.66,9,Delayed
266,2026-01-01 00:14:37,2026-01-01 00:34:37,Lab,Critical,20.31,0,Delayed
267,2026-01-28 10:40:36,2026-01-28 11:04:36,Lab,Normal,23.65,10,Delayed
268,2026-02-22 18:25:31,2026-02-22 18:58:31,ER,Urgent,33.31,18,Delayed
269,2026-02-06 07:09:00,2026-02-06 07:24:00,Radiology,Normal,14.54,7,On Time
270,2026-01-17 00:00:31,2026-01-17 00:22:31,ER,Normal,22.39,0,Delayed
271,2026-01-28 23:51:39,2026-01-28 23:58:39,Radiology,Normal,7.28,23,On Time
272,2026-01-26 23:37:05,2026-01-26 23:46:05,OPD,Urgent,9.21,23,On Time
273,2026-02-15 00:18:07,2026-02-15 00:52:07,Lab,Critical,34.29,0,Delayed
274,2026-01-15 14:34:32,2026-01-15 14:55:32,Radiology,Critical,21.04,14,Delayed
275,2026-02-14 06:59:37,2026-02-14 07:14:37,Lab,Urgent,15.48,6,On Time
276,2026-01-29 18:12:06,2026-01-29 18:34:06,OPD,Normal,21.5,18,Delayed
277,2026-02-06 12:46:33,2026-02-06 13:01:33,Radiology,Normal,14.54,12,On Time
278,2026-01-02 03:47:56,2026-01-02 04:07:56,OPD,Normal,20.34,3,Delayed
279,2026-01-19 04:14:57,2026-01-19 04:38:57,OPD,Urgent,24.06,4,Delayed
280,2026-01-21 21:50:04,2026-01-21 22:09:04,ER,Normal,18.58,21,On Time
281,2026-03-01 17:03:05,2026-03-01 17:32:05,Radiology,Urgent,28.62,17,Delayed
282,2026-01-08 00:06:20,2026-01-08 00:23:20,Lab,Critical,17.04,0,On Time
283,2026-01-26 23:04:53,2026-01-26 23:37:53,OPD,Normal,32.64,23,Delayed
284,2026-02-27 12:26:17,2026-02-27 12:45:17,OPD,Normal,18.91,12,On Time
285,2026-02-15 20:43:31,2026-02-15 20:59:31,Lab,Urgent,16.05,20,On Time
286,2026-02-02 05:17:30,2026-02-02 05:45:30,OPD,Critical,28.28,5,Delayed
287,2026-01-17 16:21:56,2026-01-17 16:36:56,Radiology,Critical,15.17,16,On Time
288,2026-02-22 00:45:54,2026-02-22 01:04:54,Lab,Critical,18.95,0,On Time
289,2026-02-25 16:49:05,2026-02-25 17:24:05,ER,Normal,34.51,16,Delayed
290,2026-01-11 18:41:52,2026-01-11 19:09:52,ER,Normal,27.51,18,Delayed
291,2026-01-26 11:09:59,2026-01-26 11:35:59,ER,Normal,25.54,11,Delayed
292,2026-01-02 11:33:11,2026-01-02 11:39:11,ER,Urgent,6.17,11,On Time
293,2026-01-06 10:19:18,2026-01-06 10:53:18,Lab,Critical,34.37,10,Delayed
294,2026-01-03 12:32:30,2026-01-03 12:57:30,ER,Normal,24.85,12,Delayed
295,2026-01-06 09:49:32,2026-01-06 10:14:32,ER,Urgent,25.04,9,Delayed
296,2026-02-01 02:17:18,2026-02-01 02:39:18,ER,Urgent,21.63,2,Delayed
297,2026-01-28 13:07:35,2026-01-28 13:13:35,Radiology,Normal,5.88,13,On Time
298,2026-01-30 21:03:21,2026-01-30 21:14:21,Lab,Critical,11.15,21,On Time
299,2026-02-06 14:58:00,2026-02-06 15:31:00,Radiology,Critical,32.89,14,Delayed
300,2026-01-02 20:03:26,2026-01-02 20:16:26,ER,Urgent,12.92,20,On Time
301,2026-01-04 03:25:39,2026-01-04 03:37:39,Radiology,Critical,11.61,3,On Time
302,2026-01-30 07:01:39,2026-01-30 07:13:39,Radiology,Critical,12.4,7,On Time
303,2026-01-13 20:48:36,2026-01-13 21:16:36,ER,Urgent,27.79,20,Delayed
304,2026-01-01 16:39:43,2026-01-01 17:01:43,Radiology,Urgent,22.17,16,Delayed
305,2026-02-05 21:26:34,2026-02-05 21:53:34,Radiology,Urgent,27.34,21,Delayed
306,2026-01-16 05:17:51,2026-01-16 05:23:51,OPD,Critical,6.36,5,On Time
307,2026-02-03 08:16:35,2026-02-03 08:27:35,OPD,Critical,11.24,8,On Time
308,2026-01-05 09:46:12,2026-01-05 10:11:12,ER,Critical,24.59,9,Delayed
309,2026-01-11 16:43:11,2026-01-11 16:51:11,Radiology,Urgent,8.15,16,On Time
310,2026-01-12 23:33:57,2026-01-12 23:41:57,Radiology,Critical,7.92,23,On Time
311,2026-01-04 08:51:10,2026-01-04 09:22:10,ER,Normal,30.51,8,Delayed
312,2026-01-05 23:44:36,2026-01-06 00:13:36,Radiology,Normal,29.46,23,Delayed
313,2026-02-28 10:56:36,2026-02-28 11:25:36,ER,Normal,28.92,10,Delayed
314,2026-01-27 06:24:36,2026-01-27 06:41:36,Lab,Urgent,17.36,6,On Time
315,2026-01-15 16:16:05,2026-01-15 16:43:05,Radiology,Urgent,26.98,16,Delayed
316,2026-01-27 20:45:16,2026-01-27 21:17:16,ER,Critical,31.94,20,Delayed
317,2026-02-15 17:08:27,2026-02-15 17:34:27,ER,Normal,25.64,17,Delayed
318,2026-01-04 22:16:52,2026-01-04 22:27:52,Radiology,Urgent,11.34,22,On Time
319,2026-02-14 14:04:05,2026-02-14 14:31:05,OPD,Normal,26.67,14,Delayed
320,2026-02-04 20:36:21,2026-02-04 21:01:21,Lab,Normal,25.03,20,Delayed
321,2026-01-06 00:17:40,2026-01-06 00:37:40,ER,Urgent,19.88,0,On Time
322,2026-02-05 16:00:14,2026-02-05 16:05:14,ER,Critical,5.11,16,On Time
323,2026-01-08 17:31:29,2026-01-08 17:40:29,OPD,Critical,9.28,17,On Time
324,2026-01-03 10:44:44,2026-01-03 11:07:44,Radiology,Urgent,22.76,10,Delayed
325,2026-02-03 10:15:15,2026-02-03 10:36:15,ER,Urgent,21.28,10,Delayed
326,2026-02-17 06:49:11,2026-02-17 07:00:11,Lab,Urgent,10.75,6,On Time
327,2026-01-11 20:38:26,2026-01-11 21:05:26,ER,Critical,26.85,20,Delayed
328,2026-01-15 23:19:36,2026-01-15 23:34:36,Radiology,Critical,14.6,23,On Time
329,2026-02-25 17:12:42,2026-02-25 17:40:42,Radiology,Urgent,27.61,17,Delayed
330,2026-01-19 06:10:13,2026-01-19 06:32:13,Radiology,Normal,22.13,6,Delayed
331,2026-01-10 02:21:32,2026-01-10 02:49:32,OPD,Normal,28.17,2,Delayed
332,2026-01-22 21:19:58,2026-01-22 21:44:58,OPD,Critical,25.19,21,Delayed
333,2026-02-20 22:06:21,2026-02-20 22:18:21,Lab,Normal,12.44,22,On Time
334,2026-02-02 22:22:39,2026-02-02 22:44:39,ER,Critical,21.97,22,Delayed
335,2026-02-01 04:56:38,2026-02-01 05:30:38,ER,Critical,33.82,4,Delayed
336,2026-02-26 03:14:54,2026-02-26 03:39:54,Lab,Normal,25.38,3,Delayed
337,2026-02-16 17:48:10,2026-02-16 17:58:10,OPD,Normal,10.0,17,On Time
338,2026-01-26 11:14:28,2026-01-26 11:24:28,Lab,Urgent,10.21,11,On Time
339,2026-01-30 13:43:39,2026-01-30 13:51:39,ER,Normal,7.91,13,On Time
340,2026-02-10 06:01:54,2026-02-10 06:10:54,Lab,Critical,9.25,6,On Time
341,2026-01-11 21:00:39,2026-01-11 21:27:39,ER,Normal,27.36,21,Delayed
342,2026-02-19 22:13:14,2026-02-19 22:22:14,ER,Urgent,8.99,22,On Time
343,2026-02-13 15:48:38,2026-02-13 16:02:38,OPD,Urgent,13.91,15,On Time
344,2026-01-11 23:13:03,2026-01-11 23:20:03,Radiology,Urgent,6.84,23,On Time
345,2026-02-15 10:57:23,2026-02-15 11:31:23,Lab,Normal,34.07,10,Delayed
346,2026-01-04 05:28:56,2026-01-04 05:45:56,Radiology,Critical,17.2,5,On Time
347,2026-01-06 08:58:49,2026-01-06 09:04:49,Radiology,Critical,5.72,8,On Time
348,2026-01-22 20:12:48,2026-01-22 20:25:48,OPD,Urgent,13.1,20,On Time
349,2026-02-06 13:47:51,2026-02-06 14:11:51,OPD,Urgent,23.58,13,Delayed
350,2026-02-05 23:17:31,2026-02-05 23:39:31,Radiology,Critical,21.68,23,Delayed
351,2026-01-16 07:35:35,2026-01-16 07:57:35,ER,Urgent,21.69,7,Delayed
352,2026-03-01 21:47:02,2026-03-01 22:15:02,Radiology,Normal,27.96,21,Delayed
353,2026-02-17 16:53:37,2026-02-17 17:10:37,Lab,Normal,17.1,16,On Time
354,2026-02-19 22:02:17,2026-02-19 22:17:17,ER,Normal,14.75,22,On Time
355,2026-02-27 22:41:31,2026-02-27 23:11:31,ER,Urgent,29.51,22,Delayed
356,2026-02-21 22:19:06,2026-02-21 22:50:06,Radiology,Critical,31.14,22,Delayed
357,2026-02-08 09:09:36,2026-02-08 09:33:36,OPD,Urgent,24.43,9,Delayed
358,2026-01-19 14:11:35,2026-01-19 14:34:35,ER,Critical,22.66,14,Delayed
359,2026-01-28 22:16:20,2026-01-28 22:34:20,Lab,Urgent,17.72,22,On Time
360,2026-02-03 09:45:43,2026-02-03 10:12:43,ER,Critical,27.43,9,Delayed
361,2026-01-17 08:23:20,2026-01-17 08:30:20,Lab,Urgent,7.32,8,On Time
362,2026-01-22 22:40:49,2026-01-22 23:15:49,Radiology,Critical,34.53,22,Delayed
363,2026-01-23 19:51:53,2026-01-23 20:08:53,Radiology,Normal,16.68,19,On Time
364,2026-02-22 08:31:51,2026-02-22 09:00:51,OPD,Critical,28.71,8,Delayed
365,2026-01-29 21:03:31,2026-01-29 21:24:31,ER,Critical,20.53,21,Delayed
366,2026-01-25 04:08:10,2026-01-25 04:28:10,OPD,Critical,20.41,4,Delayed
367,2026-01-13 01:02:01,2026-01-13 01:14:01,Lab,Critical,12.09,1,On Time
368,2026-01-13 19:32:59,2026-01-13 19:52:59,Radiology,Normal,19.87,19,On Time
369,2026-03-01 21:51:39,2026-03-01 22:23:39,OPD,Urgent,31.56,21,Delayed
370,2026-01-12 10:47:16,2026-01-12 11:06:16,Radiology,Urgent,18.95,10,On Time
371,2026-02-04 09:31:53,2026-02-04 09:59:53,ER,Critical,28.06,9,Delayed
372,2026-01-11 19:28:29,2026-01-11 20:02:29,OPD,Urgent,34.14,19,Delayed
373,2026-01-23 03:48:19,2026-01-23 04:19:19,ER,Critical,30.72,3,Delayed
374,2026-01-05 15:49:40,2026-01-05 16:07:40,Radiology,Critical,17.58,15,On Time
375,2026-02-13 08:45:24,2026-02-13 09:03:24,Radiology,Urgent,17.73,8,On Time
376,2026-02-06 17:32:39,2026-02-06 17:54:39,ER,Urgent,22.32,17,Delayed
377,2026-01-27 04:26:17,2026-01-27 04:50:17,Radiology,Critical,23.92,4,Delayed
378,2026-01-07 05:10:45,2026-01-07 05:31:45,OPD,Critical,21.11,5,Delayed
379,2026-01-12 00:58:50,2026-01-12 01:07:50,ER,Critical,9.06,0,On Time
380,2026-02-13 12:50:44,2026-02-13 13:24:44,Lab,Urgent,34.01,12,Delayed
381,2026-02-28 06:41:31,2026-02-28 07:07:31,Lab,Urgent,25.68,6,Delayed
382,2026-01-24 06:55:16,2026-01-24 07:04:16,Lab,Urgent,9.44,6,On Time
383,2026-01-28 07:57:33,2026-01-28 08:31:33,OPD,Urgent,34.01,7,Delayed
384,2026-02-18 09:27:44,2026-02-18 09:53:44,ER,Urgent,26.15,9,Delayed
385,2026-02-15 08:54:13,2026-02-15 09:15:13,OPD,Urgent,21.09,8,Delayed
386,2026-01-03 07:30:51,2026-01-03 08:00:51,ER,Urgent,29.79,7,Delayed
387,2026-02-28 08:14:44,2026-02-28 08:20:44,OPD,Urgent,6.45,8,On Time
388,2026-01-25 11:34:45,2026-01-25 11:57:45,Radiology,Urgent,23.36,11,Delayed
389,2026-01-12 15:47:12,2026-01-12 16:21:12,ER,Critical,33.55,15,Delayed
390,2026-02-05 12:57:05,2026-02-05 13:29:05,Lab,Normal,31.69,12,Delayed
391,2026-01-26 19:39:56,2026-01-26 19:47:56,ER,Urgent,7.53,19,On Time
392,2026-02-07 08:17:36,2026-02-07 08:49:36,Lab,Urgent,32.07,8,Delayed
393,2026-02-08 03:42:01,2026-02-08 04:06:01,OPD,Urgent,24.16,3,Delayed
394,2026-02-11 21:32:22,2026-02-11 22:06:22,Lab,Urgent,33.77,21,Delayed
395,2026-01-01 08:21:04,2026-01-01 08:31:04,Radiology,Urgent,9.99,8,On Time
396,2026-01-26 15:46:29,2026-01-26 16:03:29,Radiology,Normal,17.45,15,On Time
397,2026-01-13 06:20:08,2026-01-13 06:51:08,Radiology,Critical,31.2,6,Delayed
398,2026-01-29 07:22:38,2026-01-29 07:55:38,ER,Critical,32.6,7,Delayed
399,2026-01-17 01:13:37,2026-01-17 01:43:37,OPD,Urgent,30.33,1,Delayed
400,2026-02-02 15:20:33,2026-02-02 15:26:33,Lab,Normal,6.21,15,On Time
401,2026-02-25 03:07:25,2026-02-25 03:25:25,OPD,Urgent,17.55,3,On Time
402,2026-01-06 20:44:57,2026-01-06 20:56:57,Radiology,Urgent,11.81,20,On Time
403,2026-01-06 23:57:36,2026-01-07 00:30:36,OPD,Normal,32.78,23,Delayed
404,2026-01-23 09:39:50,2026-01-23 09:51:50,ER,Normal,12.46,9,On Time
405,2026-02-28 06:01:51,2026-02-28 06:14:51,OPD,Normal,12.53,6,On Time
406,2026-02-15 13:52:09,2026-02-15 14:25:09,OPD,Normal,32.81,13,Delayed
407,2026-02-24 20:42:12,2026-02-24 21:05:12,ER,Critical,22.51,20,Delayed
408,2026-01-07 01:50:31,2026-01-07 01:59:31,OPD,Urgent,8.9,1,On Time
409,2026-02-10 10:50:54,2026-02-10 11:05:54,Lab,Urgent,15.28,10,On Time
410,2026-01-03 19:52:02,2026-01-03 20:26:02,Lab,Urgent,33.95,19,Delayed
411,2026-02-03 07:46:36,2026-02-03 07:57:36,OPD,Urgent,11.42,7,On Time
412,2026-02-11 02:12:37,2026-02-11 02:26:37,OPD,Critical,13.57,2,On Time
413,2026-02-25 08:17:51,2026-02-25 08:40:51,ER,Critical,22.62,8,Delayed
414,2026-02-25 03:03:39,2026-02-25 03:18:39,Radiology,Urgent,15.13,3,On Time
415,2026-01-26 17:47:04,2026-01-26 17:58:04,Radiology,Critical,11.33,17,On Time
416,2026-02-13 20:10:11,2026-02-13 20:16:11,Radiology,Normal,5.98,20,On Time
417,2026-02-22 05:41:59,2026-02-22 05:49:59,Radiology,Normal,7.5,5,On Time
418,2026-01-27 09:20:29,2026-01-27 09:52:29,ER,Normal,31.64,9,Delayed
419,2026-01-21 06:29:17,2026-01-21 07:00:17,OPD,Critical,31.07,6,Delayed
420,2026-01-16 04:47:08,2026-01-16 04:56:08,Radiology,Normal,8.55,4,On Time
421,2026-02-01 11:56:05,2026-02-01 12:07:05,OPD,Normal,11.37,11,On Time
422,2026-02-02 10:00:20,2026-02-02 10:14:20,Radiology,Urgent,13.99,10,On Time
423,2026-02-17 17:14:31,2026-02-17 17:35:31,ER,Urgent,20.64,17,Delayed
424,2026-01-02 15:36:37,2026-01-02 15:57:37,Lab,Critical,20.74,15,Delayed
425,2026-01-01 21:44:45,2026-01-01 22:10:45,OPD,Critical,25.83,21,Delayed
426,2026-02-27 02:25:37,2026-02-27 02:49:37,OPD,Urgent,23.64,2,Delayed
427,2026-01-13 07:06:56,2026-01-13 07:37:56,Lab,Urgent,30.5,7,Delayed
428,2026-01-13 12:05:05,2026-01-13 12:15:05,OPD,Normal,10.25,12,On Time
429,2026-02-22 16:47:33,2026-02-22 16:58:33,OPD,Urgent,11.43,16,On Time
430,2026-01-24 05:00:48,2026-01-24 05:14:48,OPD,Critical,14.49,5,On Time
431,2026-02-01 23:25:27,2026-02-01 23:36:27,OPD,Critical,10.57,23,On Time
432,2026-01-28 20:29:33,2026-01-28 20:35:33,Radiology,Critical,6.49,20,On Time
433,2026-01-04 19:36:27,2026-01-04 20:09:27,Lab,Normal,33.24,19,Delayed
434,2026-01-14 01:31:26,2026-01-14 02:01:26,OPD,Critical,29.91,1,Delayed
435,2026-02-01 14:33:43,2026-02-01 14:57:43,Lab,Normal,23.57,14,Delayed
436,2026-01-03 23:18:52,2026-01-03 23:26:52,OPD,Critical,7.71,23,On Time
437,2026-01-20 01:23:04,2026-01-20 01:54:04,OPD,Normal,30.55,1,Delayed
438,2026-02-26 02:29:06,2026-02-26 02:57:06,ER,Normal,27.96,2,Delayed
439,2026-03-01 20:13:01,2026-03-01 20:34:01,Radiology,Critical,21.48,20,Delayed
440,2026-01-22 13:13:34,2026-01-22 13:31:34,ER,Normal,17.67,13,On Time
441,2026-01-25 19:01:29,2026-01-25 19:17:29,Lab,Urgent,15.71,19,On Time
442,2026-02-08 06:09:57,2026-02-08 06:21:57,ER,Urgent,11.73,6,On Time
443,2026-01-14 21:56:08,2026-01-14 22:02:08,Lab,Urgent,6.33,21,On Time
444,2026-02-23 16:31:20,2026-02-23 17:06:20,OPD,Urgent,34.74,16,Delayed
445,2026-01-09 02:24:06,2026-01-09 02:44:06,ER,Critical,20.07,2,Delayed
446,2026-02-19 13:30:44,2026-02-19 13:36:44,Lab,Urgent,6.24,13,On Time
447,2026-01-25 00:12:28,2026-01-25 00:31:28,ER,Normal,18.5,0,On Time
448,2026-01-21 08:48:04,2026-01-21 08:53:04,ER,Critical,5.13,8,On Time
449,2026-01-02 02:01:58,2026-01-02 02:08:58,OPD,Critical,7.18,2,On Time
450,2026-02-12 08:23:55,2026-02-12 08:44:55,Lab,Urgent,21.49,8,Delayed
451,2026-02-08 04:08:53,2026-02-08 04:33:53,OPD,Critical,24.91,4,Delayed
452,2026-01-03 22:29:46,2026-01-03 22:36:46,ER,Critical,7.37,22,On Time
453,2026-01-16 12:14:36,2026-01-16 12:28:36,Lab,Urgent,13.77,12,On Time
454,2026-02-12 01:16:56,2026-02-12 01:46:56,ER,Critical,30.49,1,Delayed
455,2026-01-29 00:06:29,2026-01-29 00:35:29,Lab,Urgent,28.72,0,Delayed
456,2026-01-20 05:13:11,2026-01-20 05:30:11,ER,Critical,17.38,5,On Time
457,2026-01-04 05:41:15,2026-01-04 06:00:15,ER,Critical,18.62,5,On Time
458,2026-02-03 16:01:35,2026-02-03 16:14:35,Lab,Urgent,13.25,16,On Time
459,2026-01-06 20:24:56,2026-01-06 20:47:56,Lab,Urgent,22.5,20,Delayed
460,2026-03-01 16:29:12,2026-03-01 17:00:12,OPD,Normal,30.57,16,Delayed
461,2026-01-19 17:16:12,2026-01-19 17:23:12,OPD,Normal,7.22,17,On Time
462,2026-01-27 04:15:03,2026-01-27 04:30:03,OPD,Normal,15.16,4,On Time
463,2026-01-23 11:11:26,2026-01-23 11:21:26,Lab,Normal,9.68,11,On Time
464,2026-01-06 14:04:12,2026-01-06 14:10:12,Radiology,Critical,5.87,14,On Time
465,2026-02-06 07:37:41,2026-02-06 07:51:41,Lab,Urgent,14.17,7,On Time
466,2026-01-05 12:45:42,2026-01-05 13:04:42,ER,Normal,18.54,12,On Time
467,2026-02-22 15:25:04,2026-02-22 15:30:04,OPD,Critical,5.23,15,On Time
468,2026-02-19 06:40:31,2026-02-19 06:47:31,Radiology,Urgent,7.48,6,On Time
469,2026-02-08 08:51:58,2026-02-08 09:17:58,Lab,Normal,26.17,8,Delayed
470,2026-02-19 04:24:20,2026-02-19 04:38:20,ER,Urgent,14.31,4,On Time
471,2026-01-23 01:02:45,2026-01-23 01:15:45,ER,Critical,12.54,1,On Time
472,2026-02-07 01:53:37,2026-02-07 01:59:37,OPD,Urgent,6.26,1,On Time
473,2026-01-13 12:49:06,2026-01-13 12:56:06,Radiology,Urgent,7.33,12,On Time
474,2026-02-05 19:20:15,2026-02-05 19:33:15,OPD,Urgent,12.63,19,On Time
475,2026-02-16 02:29:29,2026-02-16 03:01:29,OPD,Urgent,32.45,2,Delayed
476,2026-01-14 08:17:53,2026-01-14 08:31:53,Radiology,Critical,13.76,8,On Time
477,2026-01-04 04:29:54,2026-01-04 04:34:54,Radiology,Urgent,5.22,4,On Time
478,2026-01-13 06:51:10,2026-01-13 07:24:10,Radiology,Critical,32.61,6,Delayed
479,2026-02-25 18:11:07,2026-02-25 18:19:07,Radiology,Urgent,8.31,18,On Time
480,2026-01-10 18:29:48,2026-01-10 18:44:48,ER,Critical,15.21,18,On Time
481,2026-02-04 23:26:44,2026-02-04 23:54:44,ER,Urgent,28.44,23,Delayed
482,2026-02-15 15:36:46,2026-02-15 15:55:46,ER,Normal,18.88,15,On Time
483,2026-02-15 00:08:52,2026-02-15 00:26:52,Radiology,Urgent,18.31,0,On Time
484,2026-02-09 10:07:41,2026-02-09 10:34:41,Radiology,Urgent,27.41,10,Delayed
485,2026-02-06 06:00:39,2026-02-06 06:13:39,Lab,Critical,13.49,6,On Time
486,2026-01-01 17:21:16,2026-01-01 17:43:16,Radiology,Critical,22.05,17,Delayed
487,2026-01-12 17:42:40,2026-01-12 17:47:40,OPD,Critical,5.33,17,On Time
488,2026-01-08 13:13:23,2026-01-08 13:39:23,ER,Normal,26.36,13,Delayed
489,2026-01-20 04:55:51,2026-01-20 05:08:51,OPD,Urgent,13.44,4,On Time
490,2026-02-05 20:15:48,2026-02-05 20:45:48,OPD,Critical,29.76,20,Delayed
491,2026-02-28 23:00:22,2026-02-28 23:15:22,Lab,Critical,14.64,23,On Time
492,2026-02-09 09:47:59,2026-02-09 10:01:59,Lab,Normal,14.17,9,On Time
493,2026-02-11 09:51:41,2026-02-11 10:21:41,ER,Normal,29.97,9,Delayed
494,2026-02-01 20:43:02,2026-02-01 21:11:02,OPD,Critical,28.15,20,Delayed
495,2026-01-15 19:19:49,2026-01-15 19:30:49,OPD,Normal,11.29,19,On Time
496,2026-02-07 08:14:13,2026-02-07 08:31:13,ER,Critical,16.55,8,On Time
497,2026-01-30 11:33:24,2026-01-30 11:40:24,Radiology,Normal,6.75,11,On Time
498,2026-01-08 08:44:51,2026-01-08 09:15:51,Radiology,Critical,31.02,8,Delayed
499,2026-01-19 00:19:22,2026-01-19 00:47:22,Radiology,Urgent,28.32,0,Delayed
500,2026-01-03 02:14:06,2026-01-03 02:30:06,Radiology,Normal,16.35,2,On Time
501,2026-02-08 20:31:04,2026-02-08 21:01:04,ER,Urgent,29.96,20,Delayed
502,2026-01-18 16:38:50,2026-01-18 17:04:50,Lab,Critical,26.21,16,Delayed
503,2026-02-11 16:07:19,2026-02-11 16:15:19,OPD,Urgent,7.58,16,On Time
504,2026-01-21 05:24:38,2026-01-21 05:37:38,OPD,Urgent,12.77,5,On Time
505,2026-01-22 22:00:23,2026-01-22 22:32:23,OPD,Critical,31.87,22,Delayed
506,2026-03-01 05:58:39,2026-03-01 06:11:39,OPD,Normal,12.67,5,On Time
507,2026-01-08 03:49:46,2026-01-08 03:59:46,OPD,Urgent,9.68,3,On Time
508,2026-02-26 13:19:26,2026-02-26 13:48:26,ER,Critical,28.64,13,Delayed
509,2026-02-08 11:59:21,2026-02-08 12:23:21,ER,Critical,23.66,11,Delayed
510,2026-02-14 09:05:58,2026-02-14 09:26:58,OPD,Urgent,20.65,9,Delayed
511,2026-02-13 14:01:43,2026-02-13 14:21:43,OPD,Critical,19.9,14,On Time
512,2026-01-15 18:48:43,2026-01-15 18:57:43,Radiology,Critical,9.09,18,On Time
513,2026-02-10 12:12:12,2026-02-10 12:31:12,OPD,Urgent,19.27,12,On Time
514,2026-02-06 22:01:37,2026-02-06 22:08:37,Lab,Urgent,7.2,22,On Time
515,2026-01-22 14:50:28,2026-01-22 15:14:28,ER,Normal,24.43,14,Delayed
516,2026-02-14 18:22:01,2026-02-14 18:33:01,Radiology,Critical,10.99,18,On Time
517,2026-02-13 09:46:34,2026-02-13 09:51:34,Radiology,Urgent,5.46,9,On Time
518,2026-02-12 17:31:20,2026-02-12 17:39:20,OPD,Urgent,8.06,17,On Time
519,2026-02-10 10:15:37,2026-02-10 10:41:37,OPD,Critical,25.81,10,Delayed
520,2026-01-26 12:00:27,2026-01-26 12:25:27,ER,Critical,24.97,12,Delayed
521,2026-01-12 23:31:41,2026-01-12 23:41:41,OPD,Normal,10.44,23,On Time
522,2026-01-04 17:35:45,2026-01-04 17:50:45,OPD,Critical,14.56,17,On Time
523,2026-01-11 01:35:44,2026-01-11 01:58:44,Lab,Normal,23.18,1,Delayed
524,2026-01-31 10:07:03,2026-01-31 10:14:03,Radiology,Critical,7.46,10,On Time
525,2026-01-20 05:03:52,2026-01-20 05:08:52,ER,Urgent,5.28,5,On Time
526,2026-02-15 05:39:36,2026-02-15 06:01:36,Lab,Critical,21.87,5,Delayed
527,2026-02-09 19:12:24,2026-02-09 19:21:24,Lab,Normal,8.86,19,On Time
528,2026-01-28 09:28:40,2026-01-28 09:52:40,Radiology,Critical,23.95,9,Delayed
529,2026-02-22 15:12:22,2026-02-22 15:24:22,Lab,Critical,12.2,15,On Time
530,2026-02-24 08:02:44,2026-02-24 08:12:44,ER,Normal,9.84,8,On Time
531,2026-02-03 15:58:26,2026-02-03 16:30:26,Radiology,Urgent,32.2,15,Delayed
532,2026-01-07 03:23:50,2026-01-07 03:56:50,OPD,Normal,32.61,3,Delayed
533,2026-02-09 15:26:01,2026-02-09 15:36:01,Radiology,Critical,10.35,15,On Time
534,2026-01-21 02:35:36,2026-01-21 02:59:36,ER,Normal,24.12,2,Delayed
535,2026-01-26 23:26:36,2026-01-26 23:36:36,Lab,Urgent,10.35,23,On Time
536,2026-01-22 07:04:33,2026-01-22 07:24:33,OPD,Urgent,19.87,7,On Time
537,2026-02-10 00:09:19,2026-02-10 00:32:19,Radiology,Normal,22.67,0,Delayed
538,2026-02-27 08:09:50,2026-02-27 08:41:50,Lab,Urgent,32.11,8,Delayed
539,2026-02-17 03:41:46,2026-02-17 03:55:46,ER,Urgent,13.53,3,On Time
540,2026-01-10 06:34:12,2026-01-10 06:50:12,OPD,Normal,15.91,6,On Time
541,2026-01-22 10:09:38,2026-01-22 10:36:38,Lab,Normal,26.95,10,Delayed
542,2026-02-27 00:57:49,2026-02-27 01:18:49,Radiology,Critical,20.76,0,Delayed
543,2026-01-10 11:33:47,2026-01-10 12:05:47,ER,Urgent,32.04,11,Delayed
544,2026-01-13 00:08:51,2026-01-13 00:32:51,Lab,Normal,23.64,0,Delayed
545,2026-02-20 01:59:17,2026-02-20 02:09:17,OPD,Normal,9.8,1,On Time
546,2026-01-06 22:02:30,2026-01-06 22:22:30,ER,Urgent,20.07,22,Delayed
547,2026-01-14 07:16:40,2026-01-14 07:33:40,OPD,Critical,16.59,7,On Time
548,2026-01-04 14:55:39,2026-01-04 15:24:39,Radiology,Urgent,28.6,14,Delayed
549,2026-02-14 18:41:29,2026-02-14 19:02:29,OPD,Urgent,20.9,18,Delayed
550,2026-01-06 18:03:57,2026-01-06 18:10:57,ER,Urgent,7.45,18,On Time
551,2026-01-27 02:38:51,2026-01-27 02:46:51,ER,Urgent,7.91,2,On Time
552,2026-01-30 20:47:34,2026-01-30 21:12:34,Radiology,Critical,25.0,20,Delayed
553,2026-01-30 05:29:00,2026-01-30 05:59:00,Lab,Normal,29.92,5,Delayed
554,2026-02-16 04:35:07,2026-02-16 05:08:07,OPD,Critical,33.23,4,Delayed
555,2026-02-06 00:40:14,2026-02-06 01:01:14,Radiology,Urgent,20.86,0,Delayed
556,2026-02-06 02:41:07,2026-02-06 02:50:07,Radiology,Normal,8.96,2,On Time
557,2026-02-18 02:45:46,2026-02-18 03:02:46,Lab,Urgent,16.76,2,On Time
558,2026-01-19 10:12:08,2026-01-19 10:40:08,Radiology,Normal,27.62,10,Delayed
559,2026-01-23 11:36:03,2026-01-23 12:09:03,OPD,Urgent,32.6,11,Delayed
560,2026-02-09 08:45:43,2026-02-09 09:03:43,ER,Urgent,17.94,8,On Time
561,2026-02-11 01:44:48,2026-02-11 02:03:48,OPD,Critical,19.16,1,On Time
562,2026-02-09 09:24:15,2026-02-09 09:57:15,Lab,Normal,33.13,9,Delayed
563,2026-02-14 12:14:05,2026-02-14 12:30:05,Lab,Critical,16.13,12,On Time
564,2026-01-17 02:47:13,2026-01-17 03:00:13,OPD,Urgent,12.51,2,On Time
565,2026-01-03 12:58:38,2026-01-03 13:27:38,Radiology,Urgent,28.55,12,Delayed
566,2026-02-16 01:29:25,2026-02-16 02:02:25,OPD,Critical,33.28,1,Delayed
567,2026-02-23 12:02:03,2026-02-23 12:31:03,ER,Normal,28.53,12,Delayed
568,2026-02-09 23:03:19,2026-02-09 23:29:19,OPD,Critical,25.58,23,Delayed
569,2026-01-13 21:15:57,2026-01-13 21:43:57,ER,Urgent,28.02,21,Delayed
570,2026-02-13 02:43:48,2026-02-13 03:06:48,Radiology,Normal,23.47,2,Delayed
571,2026-01-05 05:52:34,2026-01-05 05:58:34,ER,Critical,6.49,5,On Time
572,2026-01-04 18:27:37,2026-01-04 18:38:37,Radiology,Normal,11.3,18,On Time
573,2026-02-18 23:57:02,2026-02-19 00:03:02,Radiology,Urgent,6.24,23,On Time
574,2026-01-01 23:50:00,2026-01-01 23:58:00,Lab,Critical,8.35,23,On Time
575,2026-02-01 18:53:18,2026-02-01 18:58:18,OPD,Urgent,5.42,18,On Time
576,2026-01-23 12:16:57,2026-01-23 12:45:57,Radiology,Urgent,28.54,12,Delayed
577,2026-02-16 19:00:46,2026-02-16 19:35:46,Lab,Critical,34.87,19,Delayed
578,2026-01-07 06:31:31,2026-01-07 07:03:31,ER,Urgent,32.34,6,Delayed
579,2026-02-11 02:10:07,2026-02-11 02:44:07,Radiology,Critical,34.25,2,Delayed
580,2026-01-26 23:17:48,2026-01-26 23:41:48,Radiology,Critical,23.81,23,Delayed
581,2026-03-01 15:10:03,2026-03-01 15:17:03,OPD,Urgent,7.03,15,On Time
582,2026-02-20 03:29:35,2026-02-20 03:47:35,Lab,Critical,18.05,3,On Time
583,2026-01-10 17:33:20,2026-01-10 17:59:20,ER,Critical,26.36,17,Delayed
584,2026-02-26 02:40:55,2026-02-26 03:14:55,ER,Urgent,34.48,2,Delayed
585,2026-02-08 01:56:31,2026-02-08 02:13:31,ER,Critical,16.95,1,On Time
586,2026-02-26 16:53:41,2026-02-26 16:58:41,ER,Normal,5.04,16,On Time
587,2026-02-14 21:38:18,2026-02-14 21:49:18,Lab,Normal,10.54,21,On Time
588,2026-01-09 05:31:33,2026-01-09 05:42:33,Lab,Normal,10.52,5,On Time
589,2026-01-26 22:44:03,2026-01-26 22:55:03,Lab,Urgent,10.61,22,On Time
590,2026-01-14 06:14:47,2026-01-14 06:26:47,OPD,Urgent,11.75,6,On Time
591,2026-02-16 13:06:35,2026-02-16 13:40:35,Lab,Normal,34.49,13,Delayed
592,2026-01-12 06:44:20,2026-01-12 07:18:20,OPD,Urgent,34.07,6,Delayed
593,2026-02-09 01:34:12,2026-02-09 02:02:12,Radiology,Normal,27.76,1,Delayed
594,2026-01-06 16:42:01,2026-01-06 17:08:01,ER,Critical,26.19,16,Delayed
595,2026-02-19 09:04:06,2026-02-19 09:32:06,OPD,Normal,28.34,9,Delayed
596,2026-02-05 05:43:51,2026-02-05 06:07:51,OPD,Normal,23.81,5,Delayed
597,2026-02-17 07:11:48,2026-02-17 07:46:48,Lab,Critical,34.95,7,Delayed
598,2026-02-19 12:18:19,2026-02-19 12:44:19,ER,Critical,26.05,12,Delayed
599,2026-01-12 13:52:01,2026-01-12 14:21:01,OPD,Urgent,28.71,13,Delayed
600,2026-01-21 15:42:12,2026-01-21 15:54:12,ER,Critical,12.31,15,On Time
601,2026-01-27 15:04:05,2026-01-27 15:28:05,Radiology,Normal,23.51,15,Delayed
602,2026-01-21 08:26:53,2026-01-21 08:59:53,Lab,Urgent,33.04,8,Delayed
603,2026-01-24 21:13:06,2026-01-24 21:35:06,Lab,Urgent,22.16,21,Delayed
604,2026-01-04 17:37:47,2026-01-04 17:56:47,ER,Urgent,19.28,17,On Time
605,2026-01-07 08:21:49,2026-01-07 08:54:49,OPD,Urgent,32.55,8,Delayed
606,2026-01-16 00:42:43,2026-01-16 00:59:43,OPD,Critical,17.28,0,On Time
607,2026-01-21 22:50:23,2026-01-21 22:55:23,Radiology,Normal,5.17,22,On Time
608,2026-01-30 00:22:56,2026-01-30 00:50:56,OPD,Urgent,27.9,0,Delayed
609,2026-02-05 09:08:16,2026-02-05 09:23:16,Radiology,Urgent,15.11,9,On Time
610,2026-01-06 07:23:28,2026-01-06 07:50:28,OPD,Normal,27.24,7,Delayed
611,2026-02-04 18:58:53,2026-02-04 19:32:53,ER,Urgent,33.73,18,Delayed
612,2026-02-13 07:57:48,2026-02-13 08:17:48,OPD,Normal,19.66,7,On Time
613,2026-02-14 17:56:27,2026-02-14 18:31:27,Lab,Urgent,34.54,17,Delayed
614,2026-01-19 12:46:02,2026-01-19 12:55:02,Lab,Critical,8.76,12,On Time
615,2026-02-01 21:57:28,2026-02-01 22:10:28,Radiology,Critical,13.38,21,On Time
616,2026-01-26 17:27:47,2026-01-26 17:51:47,Radiology,Normal,24.36,17,Delayed
617,2026-03-01 11:18:29,2026-03-01 11:43:29,OPD,Normal,25.1,11,Delayed
618,2026-01-15 16:09:08,2026-01-15 16:32:08,OPD,Urgent,22.92,16,Delayed
619,2026-02-05 16:17:47,2026-02-05 16:39:47,ER,Urgent,21.86,16,Delayed
620,2026-01-10 09:22:33,2026-01-10 09:40:33,Lab,Urgent,18.21,9,On Time
621,2026-01-31 23:57:48,2026-02-01 00:19:48,ER,Urgent,21.62,23,Delayed
622,2026-02-01 19:59:51,2026-02-01 20:14:51,ER,Urgent,15.15,19,On Time
623,2026-01-08 22:10:22,2026-01-08 22:21:22,Lab,Urgent,11.01,22,On Time
624,2026-01-20 09:28:34,2026-01-20 09:43:34,Lab,Urgent,14.95,9,On Time
625,2026-01-11 14:23:40,2026-01-11 14:44:40,ER,Critical,21.13,14,Delayed
626,2026-01-25 17:45:37,2026-01-25 18:06:37,OPD,Urgent,20.9,17,Delayed
627,2026-01-08 05:54:27,2026-01-08 06:05:27,Lab,Urgent,10.68,5,On Time
628,2026-01-02 11:42:19,2026-01-02 11:49:19,ER,Normal,6.69,11,On Time
629,2026-02-13 08:28:55,2026-02-13 08:33:55,Radiology,Critical,5.16,8,On Time
630,2026-02-19 17:15:59,2026-02-19 17:29:59,ER,Critical,13.97,17,On Time
631,2026-02-12 03:21:02,2026-02-12 03:28:02,OPD,Critical,7.25,3,On Time
632,2026-02-16 14:41:06,2026-02-16 15:02:06,OPD,Critical,21.06,14,Delayed
633,2026-02-04 13:35:04,2026-02-04 13:55:04,Radiology,Urgent,20.38,13,Delayed
634,2026-02-10 14:02:57,2026-02-10 14:21:57,OPD,Critical,19.21,14,On Time
635,2026-01-21 22:32:43,2026-01-21 23:05:43,Lab,Critical,32.77,22,Delayed
636,2026-02-24 19:06:10,2026-02-24 19:16:10,ER,Critical,10.13,19,On Time
637,2026-02-28 22:09:34,2026-02-28 22:35:34,Lab,Normal,26.37,22,Delayed
638,2026-02-22 05:24:23,2026-02-22 05:45:23,Radiology,Urgent,20.62,5,Delayed
639,2026-01-01 11:32:56,2026-01-01 12:03:56,ER,Urgent,30.51,11,Delayed
640,2026-01-15 19:24:48,2026-01-15 19:43:48,Lab,Normal,19.3,19,On Time
641,2026-01-01 11:23:24,2026-01-01 11:48:24,OPD,Normal,25.29,11,Delayed
642,2026-02-13 06:21:15,2026-02-13 06:36:15,OPD,Urgent,14.88,6,On Time
643,2026-02-11 08:55:56,2026-02-11 09:05:56,Radiology,Critical,9.93,8,On Time
644,2026-01-07 05:07:10,2026-01-07 05:33:10,ER,Normal,26.0,5,Delayed
645,2026-02-10 00:32:12,2026-02-10 01:01:12,Radiology,Urgent,28.82,0,Delayed
646,2026-01-25 09:26:33,2026-01-25 09:50:33,ER,Critical,24.34,9,Delayed
647,2026-01-26 03:20:39,2026-01-26 03:50:39,Radiology,Critical,30.08,3,Delayed
648,2026-02-16 22:14:59,2026-02-16 22:36:59,Lab,Normal,22.35,22,Delayed
649,2026-01-20 16:47:37,2026-01-20 17:12:37,OPD,Urgent,24.87,16,Delayed
650,2026-01-16 22:01:18,2026-01-16 22:17:18,ER,Urgent,16.34,22,On Time
651,2026-01-25 01:14:27,2026-01-25 01:49:27,Radiology,Normal,34.83,1,Delayed
652,2026-01-01 09:55:21,2026-01-01 10:13:21,ER,Normal,18.37,9,On Time
653,2026-02-23 14:58:57,2026-02-23 15:14:57,ER,Urgent,15.73,14,On Time
654,2026-03-01 15:21:40,2026-03-01 15:43:40,Radiology,Normal,22.42,15,Delayed
655,2026-02-02 23:18:46,2026-02-02 23:28:46,ER,Critical,9.81,23,On Time
656,2026-02-28 08:03:43,2026-02-28 08:08:43,ER,Urgent,5.05,8,On Time
657,2026-02-28 12:55:43,2026-02-28 13:16:43,Lab,Critical,20.88,12,Delayed
658,2026-02-23 13:30:22,2026-02-23 13:48:22,OPD,Critical,17.98,13,On Time
659,2026-01-11 09:25:54,2026-01-11 09:45:54,Radiology,Critical,19.7,9,On Time
660,2026-01-07 05:04:40,2026-01-07 05:38:40,Lab,Critical,34.47,5,Delayed
661,2026-01-29 17:48:49,2026-01-29 18:00:49,Lab,Normal,11.8,17,On Time
662,2026-02-25 10:46:21,2026-02-25 10:57:21,OPD,Normal,11.37,10,On Time
663,2026-01-11 20:05:00,2026-01-11 20:24:00,Radiology,Normal,19.22,20,On Time
664,2026-01-06 16:02:26,2026-01-06 16:17:26,OPD,Normal,14.79,16,On Time
665,2026-02-16 11:10:44,2026-02-16 11:32:44,Lab,Critical,22.4,11,Delayed
666,2026-02-28 15:07:56,2026-02-28 15:26:56,OPD,Urgent,18.87,15,On Time
667,2026-01-27 12:53:59,2026-01-27 13:18:59,Radiology,Normal,24.81,12,Delayed
668,2026-02-03 06:58:31,2026-02-03 07:06:31,Radiology,Urgent,7.56,6,On Time
669,2026-01-30 03:39:57,2026-01-30 04:07:57,OPD,Urgent,27.98,3,Delayed
670,2026-02-12 20:25:05,2026-02-12 20:56:05,ER,Urgent,31.13,20,Delayed
671,2026-02-06 10:30:52,2026-02-06 10:56:52,Lab,Critical,25.7,10,Delayed
672,2026-01-28 08:40:48,2026-01-28 08:47:48,ER,Normal,7.31,8,On Time
673,2026-01-14 13:36:36,2026-01-14 13:58:36,ER,Critical,21.91,13,Delayed
674,2026-02-07 05:12:01,2026-02-07 05:19:01,Lab,Urgent,7.33,5,On Time
675,2026-01-27 09:19:14,2026-01-27 09:54:14,Lab,Critical,34.57,9,Delayed
676,2026-02-06 15:48:26,2026-02-06 16:17:26,ER,Critical,28.77,15,Delayed
677,2026-02-26 10:57:39,2026-02-26 11:29:39,Lab,Normal,32.27,10,Delayed
678,2026-01-16 07:13:46,2026-01-16 07:37:46,OPD,Normal,23.66,7,Delayed
679,2026-01-16 07:57:53,2026-01-16 08:23:53,Radiology,Urgent,26.11,7,Delayed
680,2026-03-01 10:21:20,2026-03-01 10:26:20,ER,Critical,5.13,10,On Time
681,2026-01-04 02:52:18,2026-01-04 03:13:18,Lab,Critical,21.12,2,Delayed
682,2026-02-06 02:14:55,2026-02-06 02:46:55,Lab,Urgent,31.79,2,Delayed
683,2026-01-08 10:40:24,2026-01-08 11:08:24,OPD,Normal,27.74,10,Delayed
684,2026-02-19 22:53:29,2026-02-19 23:19:29,ER,Critical,26.31,22,Delayed
685,2026-02-01 03:15:18,2026-02-01 03:26:18,OPD,Urgent,10.62,3,On Time
686,2026-02-03 06:17:18,2026-02-03 06:45:18,ER,Critical,27.64,6,Delayed
687,2026-01-07 21:18:21,2026-01-07 21:44:21,ER,Normal,26.17,21,Delayed
688,2026-01-29 06:38:12,2026-01-29 07:11:12,OPD,Urgent,33.25,6,Delayed
689,2026-01-21 22:35:41,2026-01-21 23:04:41,Radiology,Urgent,29.18,22,Delayed
690,2026-02-02 12:27:57,2026-02-02 12:38:57,OPD,Urgent,11.44,12,On Time
691,2026-02-07 21:39:56,2026-02-07 21:55:56,Radiology,Normal,16.2,21,On Time
692,2026-02-16 13:34:21,2026-02-16 13:59:21,ER,Critical,24.97,13,Delayed
693,2026-01-02 20:29:24,2026-01-02 20:38:24,Lab,Urgent,9.03,20,On Time
694,2026-02-14 00:42:18,2026-02-14 00:53:18,Lab,Critical,10.57,0,On Time
695,2026-01-12 22:09:23,2026-01-12 22:37:23,ER,Normal,28.0,22,Delayed
696,2026-02-13 06:37:12,2026-02-13 07:10:12,Lab,Critical,33.39,6,Delayed
697,2026-01-18 20:01:43,2026-01-18 20:21:43,Lab,Critical,19.57,20,On Time
698,2026-02-01 21:37:00,2026-02-01 22:11:00,OPD,Urgent,34.17,21,Delayed
699,2026-01-18 08:15:06,2026-01-18 08:26:06,ER,Normal,10.74,8,On Time
700,2026-01-05 23:25:39,2026-01-05 23:54:39,Radiology,Urgent,29.16,23,Delayed
701,2026-01-02 23:19:43,2026-01-02 23:46:43,Lab,Normal,27.33,23,Delayed
702,2026-02-03 08:04:45,2026-02-03 08:13:45,Radiology,Urgent,8.66,8,On Time
703,2026-02-24 17:37:44,2026-02-24 17:58:44,Radiology,Normal,20.51,17,Delayed
704,2026-02-23 16:17:39,2026-02-23 16:34:39,OPD,Urgent,17.32,16,On Time
705,2026-02-28 09:01:45,2026-02-28 09:06:45,ER,Normal,5.46,9,On Time
706,2026-01-16 01:12:11,2026-01-16 01:18:11,OPD,Urgent,5.56,1,On Time
707,2026-01-14 17:22:01,2026-01-14 17:33:01,OPD,Normal,10.76,17,On Time
708,2026-01-09 03:26:22,2026-01-09 03:40:22,ER,Normal,14.15,3,On Time
709,2026-01-02 13:03:41,2026-01-02 13:11:41,OPD,Normal,8.01,13,On Time
710,2026-02-20 01:31:27,2026-02-20 01:57:27,ER,Critical,26.22,1,Delayed
711,2026-01-07 16:50:31,2026-01-07 17:08:31,Radiology,Normal,17.98,16,On Time
712,2026-02-13 13:21:27,2026-02-13 13:29:27,OPD,Urgent,8.11,13,On Time
713,2026-02-27 01:26:43,2026-02-27 01:48:43,Radiology,Critical,22.1,1,Delayed
714,2026-01-24 13:46:57,2026-01-24 13:55:57,OPD,Critical,9.0,13,On Time
715,2026-02-14 02:26:05,2026-02-14 02:48:05,Lab,Critical,21.67,2,Delayed
716,2026-01-18 06:47:53,2026-01-18 07:17:53,OPD,Critical,30.03,6,Delayed
717,2026-01-16 22:33:26,2026-01-16 22:44:26,OPD,Normal,11.42,22,On Time
718,2026-02-17 10:29:42,2026-02-17 10:58:42,Lab,Urgent,28.64,10,Delayed
719,2026-02-09 20:41:58,2026-02-09 21:13:58,Lab,Normal,32.06,20,Delayed
720,2026-02-20 09:51:45,2026-02-20 10:13:45,OPD,Normal,22.0,9,Delayed
721,2026-01-23 02:16:31,2026-01-23 02:29:31,ER,Critical,12.76,2,On Time
722,2026-01-16 05:34:20,2026-01-16 06:02:20,ER,Critical,28.37,5,Delayed
723,2026-01-15 23:00:35,2026-01-15 23:13:35,Lab,Normal,12.71,23,On Time
724,2026-02-27 01:04:22,2026-02-27 01:10:22,ER,Critical,5.52,1,On Time
725,2026-02-24 16:13:48,2026-02-24 16:24:48,ER,Urgent,10.59,16,On Time
726,2026-02-03 08:01:57,2026-02-03 08:21:57,Radiology,Urgent,19.66,8,On Time
727,2026-02-15 00:34:52,2026-02-15 00:54:52,OPD,Normal,20.13,0,Delayed
728,2026-01-24 04:41:14,2026-01-24 04:58:14,Radiology,Critical,17.42,4,On Time
729,2026-02-19 00:42:36,2026-02-19 00:52:36,OPD,Critical,9.71,0,On Time
730,2026-02-28 07:55:17,2026-02-28 08:08:17,OPD,Urgent,13.35,7,On Time
731,2026-01-16 19:32:26,2026-01-16 19:58:26,Lab,Urgent,26.18,19,Delayed
732,2026-02-09 12:51:13,2026-02-09 13:13:13,Radiology,Urgent,22.1,12,Delayed
733,2026-02-09 18:04:24,2026-02-09 18:19:24,Lab,Urgent,15.3,18,On Time
734,2026-02-22 22:05:25,2026-02-22 22:27:25,ER,Critical,22.08,22,Delayed
735,2026-02-21 17:02:11,2026-02-21 17:20:11,Lab,Urgent,17.96,17,On Time
736,2026-01-10 22:15:09,2026-01-10 22:23:09,Radiology,Urgent,7.8,22,On Time
737,2026-02-26 12:41:46,2026-02-26 13:16:46,ER,Normal,34.98,12,Delayed
738,2026-02-15 08:19:33,2026-02-15 08:31:33,Radiology,Urgent,11.57,8,On Time
739,2026-02-25 03:25:00,2026-02-25 03:35:00,ER,Urgent,9.63,3,On Time
740,2026-01-01 17:33:48,2026-01-01 17:45:48,ER,Normal,11.8,17,On Time
741,2026-02-14 11:33:17,2026-02-14 11:47:17,ER,Critical,13.6,11,On Time
742,2026-01-18 20:42:35,2026-01-18 21:15:35,Radiology,Critical,33.02,20,Delayed
743,2026-01-04 23:30:57,2026-01-04 23:38:57,OPD,Critical,7.85,23,On Time
744,2026-02-08 04:27:04,2026-02-08 04:59:04,Lab,Urgent,32.13,4,Delayed
745,2026-02-25 06:01:44,2026-02-25 06:22:44,Radiology,Critical,21.45,6,Delayed
746,2026-01-19 03:22:32,2026-01-19 03:50:32,Radiology,Urgent,28.07,3,Delayed
747,2026-01-07 21:29:27,2026-01-07 21:46:27,Lab,Urgent,17.48,21,On Time
748,2026-02-25 18:01:14,2026-02-25 18:17:14,ER,Critical,15.97,18,On Time
749,2026-01-25 00:21:23,2026-01-25 00:47:23,ER,Critical,25.66,0,Delayed
750,2026-01-02 06:35:05,2026-01-02 07:00:05,ER,Critical,24.66,6,Delayed
751,2026-02-21 21:44:46,2026-02-21 21:50:46,Lab,Urgent,5.67,21,On Time
752,2026-01-01 13:36:14,2026-01-01 13:56:14,Lab,Critical,20.41,13,Delayed
753,2026-01-11 00:43:20,2026-01-11 00:59:20,OPD,Urgent,15.93,0,On Time
754,2026-02-04 09:50:27,2026-02-04 10:05:27,ER,Critical,15.43,9,On Time
755,2026-01-11 04:59:35,2026-01-11 05:26:35,ER,Critical,26.52,4,Delayed
756,2026-02-24 03:33:12,2026-02-24 04:03:12,OPD,Normal,30.05,3,Delayed
757,2026-02-15 22:23:40,2026-02-15 22:38:40,OPD,Normal,14.79,22,On Time
758,2026-01-30 01:28:50,2026-01-30 01:43:50,ER,Normal,14.82,1,On Time
759,2026-01-08 13:57:50,2026-01-08 14:27:50,Lab,Critical,29.77,13,Delayed
760,2026-01-07 13:42:59,2026-01-07 14:09:59,OPD,Urgent,26.97,13,Delayed
761,2026-01-20 21:42:33,2026-01-20 21:55:33,OPD,Normal,12.84,21,On Time
762,2026-02-24 23:16:33,2026-02-24 23:29:33,Lab,Critical,13.16,23,On Time
763,2026-01-23 09:11:46,2026-01-23 09:20:46,Lab,Urgent,9.22,9,On Time
764,2026-02-14 20:56:37,2026-02-14 21:08:37,Radiology,Critical,12.16,20,On Time
765,2026-01-19 06:49:21,2026-01-19 07:07:21,ER,Normal,17.97,6,On Time
766,2026-02-26 19:42:52,2026-02-26 20:15:52,Radiology,Critical,32.68,19,Delayed
767,2026-01-09 17:29:34,2026-01-09 17:48:34,Radiology,Normal,18.51,17,On Time
768,2026-01-12 11:14:35,2026-01-12 11:42:35,OPD,Critical,28.18,11,Delayed
769,2026-02-16 15:28:06,2026-02-16 15:48:06,ER,Urgent,19.99,15,On Time
770,2026-01-11 02:59:45,2026-01-11 03:29:45,Lab,Critical,30.28,2,Delayed
771,2026-02-24 14:43:30,2026-02-24 15:04:30,Radiology,Critical,20.98,14,Delayed
772,2026-02-02 08:01:24,2026-02-02 08:21:24,Radiology,Normal,19.74,8,On Time
773,2026-01-07 23:20:37,2026-01-07 23:37:37,Lab,Critical,16.96,23,On Time
774,2026-01-13 13:01:36,2026-01-13 13:35:36,ER,Normal,33.76,13,Delayed
775,2026-01-18 09:23:15,2026-01-18 09:45:15,ER,Critical,22.25,9,Delayed
776,2026-01-30 04:47:45,2026-01-30 05:08:45,ER,Urgent,20.97,4,Delayed
777,2026-01-27 20:40:31,2026-01-27 20:45:31,Lab,Urgent,5.22,20,On Time
778,2026-01-09 07:14:12,2026-01-09 07:30:12,OPD,Normal,15.84,7,On Time
779,2026-01-12 15:31:34,2026-01-12 15:46:34,ER,Normal,15.48,15,On Time
780,2026-01-23 11:17:19,2026-01-23 11:39:19,Lab,Urgent,21.56,11,Delayed
781,2026-02-13 22:28:52,2026-02-13 22:35:52,ER,Normal,7.26,22,On Time
782,2026-02-20 04:41:01,2026-02-20 04:51:01,OPD,Normal,9.69,4,On Time
783,2026-02-08 01:33:06,2026-02-08 01:53:06,Lab,Urgent,20.07,1,Delayed
784,2026-02-20 08:56:43,2026-02-20 09:19:43,OPD,Urgent,23.0,8,Delayed
785,2026-02-04 14:35:10,2026-02-04 14:42:10,Lab,Normal,7.18,14,On Time
786,2026-02-20 06:32:55,2026-02-20 06:47:55,ER,Critical,15.41,6,On Time
787,2026-02-10 08:42:19,2026-02-10 08:52:19,Radiology,Urgent,9.82,8,On Time
788,2026-02-22 07:31:42,2026-02-22 07:37:42,OPD,Urgent,5.67,7,On Time
789,2026-02-04 05:09:18,2026-02-04 05:33:18,OPD,Critical,23.51,5,Delayed
790,2026-02-28 06:25:47,2026-02-28 06:54:47,ER,Critical,29.0,6,Delayed
791,2026-02-24 11:51:13,2026-02-24 12:09:13,OPD,Critical,18.2,11,On Time
792,2026-02-21 17:00:28,2026-02-21 17:09:28,ER,Critical,9.08,17,On Time
793,2026-01-03 01:36:24,2026-01-03 02:10:24,Radiology,Critical,34.46,1,Delayed
794,2026-01-01 13:30:36,2026-01-01 13:59:36,Radiology,Critical,28.7,13,Delayed
795,2026-01-26 15:49:50,2026-01-26 16:07:50,Radiology,Normal,17.68,15,On Time
796,2026-02-25 15:36:44,2026-02-25 16:11:44,ER,Normal,34.59,15,Delayed
797,2026-01-30 16:46:27,2026-01-30 16:54:27,ER,Normal,8.26,16,On Time
798,2026-02-09 00:58:21,2026-02-09 01:14:21,Radiology,Critical,15.75,0,On Time
799,2026-01-06 06:56:30,2026-01-06 07:03:30,ER,Urgent,7.32,6,On Time
800,2026-02-01 22:14:58,2026-02-01 22:35:58,ER,Urgent,20.63,22,Delayed
801,2026-01-23 13:18:32,2026-01-23 13:36:32,ER,Critical,18.15,13,On Time
802,2026-02-20 02:48:05,2026-02-20 02:58:05,OPD,Normal,9.79,2,On Time
803,2026-01-04 02:51:43,2026-01-04 03:05:43,OPD,Normal,14.03,2,On Time
804,2026-01-11 10:47:58,2026-01-11 11:02:58,ER,Normal,15.11,10,On Time
805,2026-02-01 16:23:30,2026-02-01 16:35:30,Lab,Critical,11.9,16,On Time
806,2026-01-01 19:41:31,2026-01-01 20:05:31,ER,Normal,24.21,19,Delayed
807,2026-02-25 02:40:11,2026-02-25 03:14:11,ER,Critical,33.6,2,Delayed
808,2026-02-26 16:40:48,2026-02-26 16:49:48,Radiology,Normal,9.13,16,On Time
809,2026-02-12 09:02:08,2026-02-12 09:36:08,Lab,Normal,34.16,9,Delayed
810,2026-02-12 20:09:40,2026-02-12 20:20:40,Radiology,Normal,11.26,20,On Time
811,2026-02-11 15:23:41,2026-02-11 15:53:41,ER,Normal,29.95,15,Delayed
812,2026-01-13 23:26:25,2026-01-13 23:43:25,OPD,Normal,17.39,23,On Time
813,2026-02-28 01:04:12,2026-02-28 01:18:12,Lab,Critical,14.21,1,On Time
814,2026-01-19 04:22:38,2026-01-19 04:51:38,ER,Normal,28.87,4,Delayed
815,2026-02-04 22:48:19,2026-02-04 22:54:19,OPD,Critical,6.17,22,On Time
816,2026-01-16 03:42:01,2026-01-16 04:14:01,Radiology,Critical,32.2,3,Delayed
817,2026-01-27 22:01:07,2026-01-27 22:29:07,Lab,Urgent,28.38,22,Delayed
818,2026-01-26 04:43:47,2026-01-26 05:14:47,ER,Urgent,30.71,4,Delayed
819,2026-02-12 06:51:51,2026-02-12 07:22:51,ER,Critical,30.65,6,Delayed
820,2026-02-13 03:21:03,2026-02-13 03:52:03,ER,Urgent,31.2,3,Delayed
821,2026-02-01 17:23:58,2026-02-01 17:38:58,ER,Normal,15.43,17,On Time
822,2026-01-08 08:38:31,2026-01-08 08:57:31,Radiology,Urgent,19.0,8,On Time
823,2026-01-15 18:52:43,2026-01-15 19:25:43,Radiology,Critical,33.38,18,Delayed
824,2026-02-05 15:22:08,2026-02-05 15:46:08,OPD,Normal,23.94,15,Delayed
825,2026-02-16 22:23:38,2026-02-16 22:57:38,OPD,Urgent,33.99,22,Delayed
826,2026-01-12 04:16:06,2026-01-12 04:31:06,ER,Normal,15.37,4,On Time
827,2026-02-02 10:10:38,2026-02-02 10:23:38,Lab,Normal,13.19,10,On Time
828,2026-01-17 01:08:34,2026-01-17 01:32:34,OPD,Critical,24.14,1,Delayed
829,2026-02-27 23:40:10,2026-02-28 00:08:10,Radiology,Critical,27.61,23,Delayed
830,2026-02-19 10:07:07,2026-02-19 10:38:07,Radiology,Urgent,30.77,10,Delayed
831,2026-01-15 17:30:16,2026-01-15 17:53:16,ER,Urgent,22.9,17,Delayed
832,2026-01-30 00:26:58,2026-01-30 00:34:58,Radiology,Urgent,7.5,0,On Time
833,2026-01-01 08:19:50,2026-01-01 08:33:50,OPD,Critical,13.59,8,On Time
834,2026-02-18 12:59:30,2026-02-18 13:16:30,Lab,Normal,17.45,12,On Time
835,2026-01-02 13:28:14,2026-01-02 13:37:14,Lab,Normal,9.46,13,On Time
836,2026-01-24 16:06:31,2026-01-24 16:21:31,Lab,Urgent,15.18,16,On Time
837,2026-01-13 18:09:42,2026-01-13 18:26:42,OPD,Normal,17.32,18,On Time
838,2026-02-28 04:41:42,2026-02-28 04:56:42,Lab,Urgent,14.62,4,On Time
839,2026-01-28 19:20:00,2026-01-28 19:49:00,Lab,Urgent,28.68,19,Delayed
840,2026-01-24 11:07:15,2026-01-24 11:34:15,OPD,Normal,26.6,11,Delayed
841,2026-02-05 16:31:59,2026-02-05 16:37:59,OPD,Critical,6.45,16,On Time
842,2026-01-21 18:07:43,2026-01-21 18:21:43,OPD,Urgent,13.94,18,On Time
843,2026-01-29 06:57:16,2026-01-29 07:10:16,Radiology,Normal,12.84,6,On Time
844,2026-02-12 05:01:14,2026-02-12 05:21:14,OPD,Critical,19.7,5,On Time
845,2026-01-07 06:48:28,2026-01-07 07:19:28,Radiology,Critical,30.53,6,Delayed
846,2026-02-26 08:24:49,2026-02-26 08:36:49,OPD,Critical,12.15,8,On Time
847,2026-02-09 06:31:25,2026-02-09 07:00:25,ER,Normal,29.2,6,Delayed
848,2026-01-26 20:07:11,2026-01-26 20:23:11,Lab,Normal,16.09,20,On Time
849,2026-02-11 12:40:44,2026-02-11 12:58:44,ER,Urgent,18.33,12,On Time
850,2026-02-01 07:10:37,2026-02-01 07:28:37,Lab,Normal,18.04,7,On Time
851,2026-02-21 18:42:50,2026-02-21 18:50:50,Radiology,Critical,8.07,18,On Time
852,2026-02-15 05:34:15,2026-02-15 06:05:15,ER,Urgent,30.71,5,Delayed
853,2026-02-10 11:03:25,2026-02-10 11:30:25,Lab,Normal,26.71,11,Delayed
854,2026-01-15 05:21:53,2026-01-15 05:49:53,ER,Urgent,28.16,5,Delayed
855,2026-02-11 08:29:54,2026-02-11 08:39:54,Radiology,Critical,9.96,8,On Time
856,2026-01-13 08:27:06,2026-01-13 08:36:06,ER,Critical,9.22,8,On Time
857,2026-02-17 02:33:19,2026-02-17 03:05:19,ER,Critical,31.98,2,Delayed
858,2026-02-06 23:53:30,2026-02-07 00:00:30,OPD,Critical,6.77,23,On Time
859,2026-02-23 19:56:48,2026-02-23 20:11:48,ER,Critical,15.42,19,On Time
860,2026-02-17 10:32:20,2026-02-17 10:49:20,Lab,Normal,16.91,10,On Time
861,2026-02-01 07:11:41,2026-02-01 07:46:41,OPD,Critical,34.78,7,Delayed
862,2026-02-23 06:12:55,2026-02-23 06:29:55,OPD,Critical,16.62,6,On Time
863,2026-01-13 13:07:25,2026-01-13 13:25:25,Lab,Critical,17.83,13,On Time
864,2026-02-19 14:00:50,2026-02-19 14:14:50,ER,Urgent,14.49,14,On Time
865,2026-01-31 23:48:22,2026-02-01 00:20:22,Radiology,Normal,31.63,23,Delayed
866,2026-01-14 22:22:31,2026-01-14 22:52:31,OPD,Urgent,29.67,22,Delayed
867,2026-02-18 10:31:35,2026-02-18 10:42:35,Lab,Urgent,11.12,10,On Time
868,2026-01-06 22:09:43,2026-01-06 22:25:43,OPD,Urgent,15.73,22,On Time
869,2026-01-29 04:55:00,2026-01-29 05:05:00,OPD,Normal,10.45,4,On Time
870,2026-01-15 11:22:37,2026-01-15 11:38:37,ER,Urgent,15.92,11,On Time
871,2026-02-10 00:04:01,2026-02-10 00:14:01,Radiology,Urgent,9.78,0,On Time
872,2026-01-09 13:29:35,2026-01-09 13:40:35,Lab,Critical,10.8,13,On Time
873,2026-02-26 14:45:19,2026-02-26 15:01:19,ER,Critical,16.48,14,On Time
874,2026-01-06 08:07:51,2026-01-06 08:31:51,Radiology,Normal,24.25,8,Delayed
875,2026-01-06 09:45:38,2026-01-06 09:53:38,ER,Normal,8.05,9,On Time
876,2026-02-12 01:16:29,2026-02-12 01:47:29,ER,Critical,30.69,1,Delayed
877,2026-01-07 06:39:19,2026-01-07 07:00:19,OPD,Critical,21.11,6,Delayed
878,2026-01-07 19:34:29,2026-01-07 20:04:29,Radiology,Urgent,29.94,19,Delayed
879,2026-01-30 07:05:53,2026-01-30 07:30:53,Radiology,Urgent,25.37,7,Delayed
880,2026-01-17 09:09:21,2026-01-17 09:30:21,Radiology,Urgent,20.83,9,Delayed
881,2026-01-06 21:31:45,2026-01-06 22:05:45,OPD,Urgent,33.76,21,Delayed
882,2026-02-05 18:55:11,2026-02-05 19:04:11,Radiology,Normal,8.79,18,On Time
883,2026-02-07 17:36:23,2026-02-07 18:01:23,OPD,Normal,24.55,17,Delayed
884,2026-01-24 18:30:30,2026-01-24 18:43:30,ER,Critical,13.24,18,On Time
885,2026-02-27 02:20:37,2026-02-27 02:39:37,OPD,Normal,18.62,2,On Time
886,2026-01-20 00:42:55,2026-01-20 01:00:55,OPD,Critical,18.46,0,On Time
887,2026-02-12 07:30:49,2026-02-12 07:40:49,Radiology,Critical,10.29,7,On Time
888,2026-01-12 23:16:29,2026-01-12 23:24:29,Radiology,Critical,7.99,23,On Time
889,2026-01-19 06:42:37,2026-01-19 07:15:37,Lab,Normal,32.61,6,Delayed
890,2026-01-21 08:23:30,2026-01-21 08:48:30,ER,Critical,24.59,8,Delayed
891,2026-02-09 06:54:34,2026-02-09 07:12:34,ER,Normal,18.05,6,On Time
892,2026-01-08 10:15:54,2026-01-08 10:31:54,OPD,Critical,15.92,10,On Time
893,2026-01-26 09:15:46,2026-01-26 09:40:46,Radiology,Critical,24.59,9,Delayed
894,2026-01-06 17:41:31,2026-01-06 17:59:31,Radiology,Critical,17.9,17,On Time
895,2026-02-01 14:05:37,2026-02-01 14:27:37,ER,Urgent,21.92,14,Delayed
896,2026-02-19 17:08:30,2026-02-19 17:31:30,Lab,Critical,23.39,17,Delayed
897,2026-02-03 10:01:50,2026-02-03 10:24:50,OPD,Critical,23.22,10,Delayed
898,2026-02-25 12:03:53,2026-02-25 12:26:53,OPD,Urgent,23.39,12,Delayed
899,2026-01-11 13:43:28,2026-01-11 13:50:28,Lab,Urgent,6.62,13,On Time
900,2026-01-31 10:16:52,2026-01-31 10:48:52,Radiology,Critical,31.89,10,Delayed
901,2026-02-10 14:48:41,2026-02-10 14:55:41,ER,Normal,6.51,14,On Time
902,2026-01-07 23:35:17,2026-01-08 00:01:17,ER,Normal,26.4,23,Delayed
903,2026-01-06 03:00:03,2026-01-06 03:23:03,Lab,Urgent,22.53,3,Delayed
904,2026-02-22 06:40:59,2026-02-22 07:04:59,Lab,Normal,24.09,6,Delayed
905,2026-02-26 09:18:05,2026-02-26 09:50:05,Lab,Critical,32.41,9,Delayed
906,2026-02-16 09:05:16,2026-02-16 09:36:16,Radiology,Critical,30.59,9,Delayed
907,2026-01-01 11:42:08,2026-01-01 12:03:08,Lab,Urgent,21.01,11,Delayed
908,2026-01-11 13:48:52,2026-01-11 13:53:52,Lab,Normal,5.45,13,On Time
909,2026-02-17 22:31:42,2026-02-17 23:04:42,OPD,Urgent,32.95,22,Delayed
910,2026-02-16 08:17:12,2026-02-16 08:32:12,OPD,Urgent,14.85,8,On Time
911,2026-01-14 09:36:13,2026-01-14 09:47:13,OPD,Normal,10.93,9,On Time
912,2026-01-03 06:52:37,2026-01-03 07:03:37,Radiology,Normal,10.84,6,On Time
913,2026-02-28 20:56:07,2026-02-28 21:24:07,Radiology,Critical,28.12,20,Delayed
914,2026-01-28 23:47:17,2026-01-29 00:10:17,Lab,Urgent,23.42,23,Delayed
915,2026-02-02 07:37:04,2026-02-02 07:47:04,ER,Urgent,9.9,7,On Time
916,2026-02-27 14:09:18,2026-02-27 14:22:18,OPD,Urgent,12.88,14,On Time
917,2026-02-05 14:08:24,2026-02-05 14:38:24,OPD,Urgent,29.9,14,Delayed
918,2026-02-12 07:33:44,2026-02-12 07:51:44,ER,Critical,18.07,7,On Time
919,2026-02-21 08:34:53,2026-02-21 08:47:53,Lab,Normal,12.57,8,On Time
920,2026-01-29 02:52:47,2026-01-29 03:03:47,Lab,Normal,11.43,2,On Time
921,2026-01-26 04:40:35,2026-01-26 04:47:35,Radiology,Normal,6.51,4,On Time
922,2026-01-05 02:45:13,2026-01-05 03:17:13,OPD,Critical,32.48,2,Delayed
923,2026-01-31 13:46:26,2026-01-31 13:56:26,OPD,Critical,10.01,13,On Time
924,2026-01-14 13:27:31,2026-01-14 13:33:31,Lab,Urgent,6.32,13,On Time
925,2026-01-15 20:41:37,2026-01-15 21:01:37,Radiology,Urgent,20.47,20,Delayed
926,2026-02-09 07:50:29,2026-02-09 08:06:29,Radiology,Urgent,16.37,7,On Time
927,2026-02-15 05:24:45,2026-02-15 05:36:45,Radiology,Critical,12.33,5,On Time
928,2026-01-27 21:21:36,2026-01-27 21:27:36,Radiology,Critical,6.34,21,On Time
929,2026-02-10 00:05:01,2026-02-10 00:27:01,Radiology,Critical,21.54,0,Delayed
930,2026-01-24 02:37:01,2026-01-24 02:58:01,Lab,Normal,20.95,2,Delayed
931,2026-01-07 02:50:17,2026-01-07 03:17:17,OPD,Normal,27.27,2,Delayed
932,2026-02-16 17:31:10,2026-02-16 17:51:10,ER,Critical,19.93,17,On Time
933,2026-02-22 19:22:14,2026-02-22 19:45:14,OPD,Normal,22.96,19,Delayed
934,2026-02-17 17:04:05,2026-02-17 17:11:05,Radiology,Urgent,6.88,17,On Time
935,2026-01-28 13:23:25,2026-01-28 13:57:25,OPD,Critical,33.56,13,Delayed
936,2026-01-08 18:23:32,2026-01-08 18:42:32,ER,Urgent,19.44,18,On Time
937,2026-01-12 15:56:25,2026-01-12 16:02:25,Lab,Urgent,5.64,15,On Time
938,2026-01-12 17:47:40,2026-01-12 18:02:40,ER,Critical,14.57,17,On Time
939,2026-01-23 12:22:09,2026-01-23 12:46:09,ER,Urgent,24.15,12,Delayed
940,2026-02-21 17:21:17,2026-02-21 17:28:17,Radiology,Normal,7.27,17,On Time
941,2026-01-18 06:48:44,2026-01-18 07:00:44,OPD,Critical,12.26,6,On Time
942,2026-02-28 18:52:17,2026-02-28 19:24:17,Lab,Normal,31.65,18,Delayed
943,2026-02-13 17:08:39,2026-02-13 17:16:39,OPD,Critical,8.04,17,On Time
944,2026-02-02 07:56:57,2026-02-02 08:25:57,OPD,Urgent,28.8,7,Delayed
945,2026-02-18 17:54:28,2026-02-18 18:27:28,OPD,Urgent,33.31,17,Delayed
946,2026-01-02 02:30:23,2026-01-02 02:46:23,Radiology,Normal,16.28,2,On Time
947,2026-01-31 09:12:19,2026-01-31 09:33:19,ER,Urgent,21.3,9,Delayed
948,2026-01-13 02:25:45,2026-01-13 02:58:45,ER,Urgent,32.94,2,Delayed
949,2026-01-10 15:37:18,2026-01-10 15:54:18,Lab,Normal,17.46,15,On Time
950,2026-02-20 01:33:11,2026-02-20 01:38:11,Lab,Urgent,5.08,1,On Time
951,2026-01-11 11:20:13,2026-01-11 11:33:13,Lab,Normal,12.52,11,On Time
952,2026-01-17 18:52:24,2026-01-17 19:19:24,Radiology,Urgent,26.57,18,Delayed
953,2026-02-19 11:16:25,2026-02-19 11:29:25,Radiology,Urgent,13.07,11,On Time
954,2026-01-09 10:07:51,2026-01-09 10:13:51,Radiology,Normal,6.46,10,On Time
955,2026-01-22 17:46:24,2026-01-22 18:18:24,OPD,Normal,32.42,17,Delayed
956,2026-02-24 19:41:15,2026-02-24 20:03:15,ER,Urgent,21.53,19,Delayed
957,2026-01-03 09:15:10,2026-01-03 09:49:10,Lab,Critical,33.5,9,Delayed
958,2026-02-07 19:01:40,2026-02-07 19:13:40,OPD,Normal,12.07,19,On Time
959,2026-02-19 17:07:19,2026-02-19 17:40:19,ER,Normal,32.75,17,Delayed
960,2026-01-11 11:40:05,2026-01-11 11:49:05,ER,Critical,8.59,11,On Time
961,2026-02-19 23:19:23,2026-02-19 23:28:23,ER,Urgent,8.94,23,On Time
962,2026-01-31 22:44:11,2026-01-31 23:01:11,OPD,Normal,16.53,22,On Time
963,2026-01-28 05:25:44,2026-01-28 05:34:44,OPD,Normal,8.73,5,On Time
964,2026-02-21 20:31:23,2026-02-21 20:52:23,ER,Normal,21.02,20,Delayed
965,2026-02-10 23:43:39,2026-02-10 23:50:39,OPD,Critical,7.02,23,On Time
966,2026-01-19 20:13:36,2026-01-19 20:44:36,OPD,Critical,30.93,20,Delayed
967,2026-01-23 23:54:00,2026-01-23 23:59:00,Radiology,Critical,5.1,23,On Time
968,2026-01-02 07:24:22,2026-01-02 07:33:22,Lab,Urgent,9.07,7,On Time
969,2026-01-27 04:24:32,2026-01-27 04:36:32,Radiology,Critical,11.54,4,On Time
970,2026-02-25 00:24:11,2026-02-25 00:54:11,OPD,Urgent,29.85,0,Delayed
971,2026-01-10 21:11:09,2026-01-10 21:29:09,Lab,Normal,17.66,21,On Time
972,2026-01-14 10:06:01,2026-01-14 10:31:01,Lab,Urgent,25.26,10,Delayed
973,2026-01-23 20:24:55,2026-01-23 20:41:55,Radiology,Critical,17.2,20,On Time
974,2026-01-31 16:22:03,2026-01-31 16:52:03,Lab,Normal,30.36,16,Delayed
975,2026-02-03 00:25:16,2026-02-03 00:59:16,ER,Critical,34.26,0,Delayed
976,2026-01-20 18:45:42,2026-01-20 18:51:42,ER,Critical,6.35,18,On Time
977,2026-01-31 17:08:43,2026-01-31 17:26:43,Lab,Normal,17.84,17,On Time
978,2026-02-22 17:13:30,2026-02-22 17:23:30,OPD,Normal,10.34,17,On Time
979,2026-02-24 07:27:02,2026-02-24 07:42:02,Radiology,Urgent,14.8,7,On Time
980,2026-01-19 08:23:34,2026-01-19 08:49:34,Lab,Urgent,25.77,8,Delayed
981,2026-02-04 19:18:35,2026-02-04 19:52:35,ER,Normal,34.2,19,Delayed
982,2026-01-12 15:28:08,2026-01-12 15:58:08,Lab,Critical,29.75,15,Delayed
983,2026-02-04 21:48:03,2026-02-04 21:58:03,ER,Critical,10.44,21,On Time
984,2026-02-20 08:47:45,2026-02-20 09:04:45,OPD,Critical,17.06,8,On Time
985,2026-02-18 03:09:04,2026-02-18 03:21:04,Radiology,Critical,12.29,3,On Time
986,2026-01-10 08:23:34,2026-01-10 08:53:34,Lab,Normal,29.87,8,Delayed
987,2026-01-29 07:33:53,2026-01-29 07:58:53,Radiology,Urgent,24.7,7,Delayed
988,2026-01-15 18:54:17,2026-01-15 19:03:17,Radiology,Normal,8.66,18,On Time
989,2026-01-19 15:36:01,2026-01-19 15:59:01,ER,Urgent,23.05,15,Delayed
990,2026-02-09 03:37:40,2026-02-09 03:58:40,Lab,Normal,21.01,3,Delayed
991,2026-02-08 04:45:14,2026-02-08 05:00:14,Lab,Urgent,14.64,4,On Time
992,2026-01-31 16:47:15,2026-01-31 17:22:15,OPD,Critical,34.91,16,Delayed
993,2026-02-25 21:04:12,2026-02-25 21:36:12,Lab,Urgent,31.67,21,Delayed
994,2026-03-01 11:14:26,2026-03-01 11:25:26,Radiology,Critical,10.67,11,On Time
995,2026-02-01 12:56:05,2026-02-01 13:24:05,ER,Normal,27.96,12,Delayed
996,2026-01-01 22:11:28,2026-01-01 22:23:28,ER,Urgent,11.54,22,On Time
997,2026-02-12 11:52:47,2026-02-12 12:22:47,ER,Normal,30.08,11,Delayed
998,2026-02-10 21:19:34,2026-02-10 21:27:34,OPD,Normal,7.95,21,On Time
999,2026-01-23 16:38:10,2026-01-23 16:45:10,ER,Urgent,6.73,16,On Time
1000,2026-02-01 18:48:14,2026-02-01 19:19:14,Lab,Normal,30.59,18,Delayed
1001,2026-01-04 14:17:01,2026-01-04 14:47:01,ER,Normal,30.45,14,Delayed
1002,2026-02-08 16:13:29,2026-02-08 16:46:29,Lab,Urgent,32.72,16,Delayed
1003,2026-01-15 16:10:20,2026-01-15 16:22:20,OPD,Urgent,12.2,16,On Time
1004,2026-02-10 08:52:25,2026-02-10 09:13:25,Lab,Urgent,20.59,8,Delayed
1005,2026-02-28 05:47:41,2026-02-28 06:17:41,ER,Urgent,29.79,5,Delayed
1006,2026-01-27 20:54:36,2026-01-27 21:10:36,Lab,Urgent,16.23,20,On Time
1007,2026-03-01 06:50:14,2026-03-01 07:07:14,ER,Normal,16.95,6,On Time
1008,2026-02-08 03:28:48,2026-02-08 03:43:48,Radiology,Critical,15.42,3,On Time
1009,2026-01-02 15:50:08,2026-01-02 16:20:08,ER,Normal,29.89,15,Delayed
1010,2026-03-01 13:48:19,2026-03-01 14:07:19,OPD,Critical,18.54,13,On Time
1011,2026-01-20 20:35:25,2026-01-20 20:57:25,Radiology,Critical,21.72,20,Delayed
1012,2026-01-06 16:18:18,2026-01-06 16:41:18,Lab,Urgent,22.65,16,Delayed
1013,2026-02-09 12:52:10,2026-02-09 13:18:10,Lab,Normal,26.42,12,Delayed
1014,2026-01-21 21:33:03,2026-01-21 21:46:03,OPD,Urgent,12.92,21,On Time
1015,2026-01-06 13:35:59,2026-01-06 14:01:59,OPD,Critical,26.39,13,Delayed
1016,2026-02-06 15:06:25,2026-02-06 15:16:25,ER,Urgent,10.11,15,On Time
1017,2026-02-23 00:08:57,2026-02-23 00:33:57,Lab,Critical,24.54,0,Delayed
1018,2026-02-04 03:30:27,2026-02-04 03:53:27,OPD,Normal,23.38,3,Delayed
1019,2026-02-08 15:04:51,2026-02-08 15:21:51,ER,Normal,16.75,15,On Time
1020,2026-02-13 16:39:59,2026-02-13 17:07:59,Lab,Normal,27.64,16,Delayed
1021,2026-02-08 07:02:27,2026-02-08 07:11:27,Radiology,Normal,9.44,7,On Time
1022,2026-02-25 09:05:21,2026-02-25 09:27:21,ER,Normal,22.31,9,Delayed
1023,2026-02-23 03:21:35,2026-02-23 03:53:35,Radiology,Critical,31.68,3,Delayed
1024,2026-01-02 08:11:27,2026-01-02 08:24:27,OPD,Normal,13.34,8,On Time
1025,2026-02-25 17:23:59,2026-02-25 17:37:59,Lab,Normal,14.17,17,On Time
1026,2026-02-15 00:38:41,2026-02-15 00:54:41,Lab,Normal,15.96,0,On Time
1027,2026-01-11 11:48:09,2026-01-11 12:09:09,ER,Critical,21.02,11,Delayed
1028,2026-01-12 12:04:17,2026-01-12 12:26:17,OPD,Normal,22.45,12,Delayed
1029,2026-02-05 16:32:06,2026-02-05 16:44:06,OPD,Normal,11.55,16,On Time
1030,2026-01-30 13:43:58,2026-01-30 14:12:58,Lab,Urgent,29.44,13,Delayed
1031,2026-02-22 11:02:52,2026-02-22 11:30:52,OPD,Normal,28.27,11,Delayed
1032,2026-02-28 13:05:10,2026-02-28 13:11:10,ER,Critical,6.03,13,On Time
1033,2026-02-21 17:44:46,2026-02-21 18:18:46,ER,Critical,33.63,17,Delayed
1034,2026-02-14 10:58:56,2026-02-14 11:19:56,OPD,Urgent,20.85,10,Delayed
1035,2026-01-19 01:32:37,2026-01-19 02:06:37,Radiology,Normal,34.09,1,Delayed
1036,2026-01-15 23:57:30,2026-01-16 00:26:30,ER,Normal,28.95,23,Delayed
1037,2026-01-22 04:42:22,2026-01-22 04:57:22,Lab,Normal,14.55,4,On Time
1038,2026-02-25 09:38:13,2026-02-25 09:58:13,Radiology,Critical,20.17,9,Delayed
1039,2026-01-06 20:20:19,2026-01-06 20:45:19,ER,Critical,24.92,20,Delayed
1040,2026-02-08 03:38:03,2026-02-08 04:05:03,Radiology,Normal,27.48,3,Delayed
1041,2026-01-13 07:07:10,2026-01-13 07:18:10,OPD,Critical,10.78,7,On Time
1042,2026-02-17 11:37:08,2026-02-17 11:56:08,Radiology,Critical,18.61,11,On Time
1043,2026-02-21 00:38:57,2026-02-21 01:11:57,ER,Normal,33.02,0,Delayed
1044,2026-02-06 01:37:30,2026-02-06 02:01:30,OPD,Normal,23.94,1,Delayed
1045,2026-01-19 00:48:41,2026-01-19 01:20:41,Lab,Normal,31.6,0,Delayed
1046,2026-01-25 02:42:39,2026-01-25 02:47:39,Radiology,Critical,5.32,2,On Time
1047,2026-01-31 00:08:47,2026-01-31 00:39:47,Radiology,Normal,31.21,0,Delayed
1048,2026-02-28 22:38:34,2026-02-28 23:06:34,Radiology,Critical,27.83,22,Delayed
1049,2026-01-28 02:42:16,2026-01-28 02:54:16,Radiology,Urgent,12.34,2,On Time
1050,2026-01-26 05:33:43,2026-01-26 05:47:43,ER,Critical,13.65,5,On Time
1051,2026-02-08 08:46:11,2026-02-08 08:54:11,Lab,Urgent,7.67,8,On Time
1052,2026-01-16 13:33:24,2026-01-16 13:44:24,ER,Urgent,10.78,13,On Time
1053,2026-01-12 03:37:40,2026-01-12 04:09:40,Radiology,Urgent,31.53,3,Delayed
1054,2026-02-14 02:19:09,2026-02-14 02:44:09,ER,Normal,25.38,2,Delayed
1055,2026-01-02 21:41:51,2026-01-02 21:58:51,Radiology,Critical,16.83,21,On Time
1056,2026-01-22 06:26:04,2026-01-22 06:37:04,Radiology,Normal,10.5,6,On Time
1057,2026-01-01 17:33:56,2026-01-01 18:06:56,Lab,Critical,32.56,17,Delayed
1058,2026-01-29 07:48:40,2026-01-29 08:01:40,Radiology,Normal,13.24,7,On Time
1059,2026-02-26 08:28:15,2026-02-26 08:57:15,ER,Normal,29.28,8,Delayed
1060,2026-02-24 16:51:29,2026-02-24 17:08:29,OPD,Critical,16.94,16,On Time
1061,2026-02-08 08:10:36,2026-02-08 08:44:36,Radiology,Urgent,33.58,8,Delayed
1062,2026-01-20 23:07:41,2026-01-20 23:28:41,Lab,Normal,21.21,23,Delayed
1063,2026-01-22 22:40:41,2026-01-22 22:49:41,Lab,Normal,9.31,22,On Time
1064,2026-01-31 01:16:58,2026-01-31 01:36:58,Radiology,Critical,19.6,1,On Time
1065,2026-01-11 19:04:09,2026-01-11 19:18:09,ER,Critical,14.48,19,On Time
1066,2026-01-09 04:50:46,2026-01-09 05:23:46,ER,Urgent,32.9,4,Delayed
1067,2026-01-19 21:37:19,2026-01-19 21:53:19,Radiology,Critical,15.66,21,On Time
1068,2026-02-28 15:52:26,2026-02-28 16:15:26,ER,Urgent,23.11,15,Delayed
1069,2026-02-19 21:23:50,2026-02-19 21:37:50,ER,Critical,14.13,21,On Time
1070,2026-01-02 05:31:55,2026-01-02 05:49:55,ER,Urgent,18.27,5,On Time
1071,2026-02-10 20:18:55,2026-02-10 20:27:55,Lab,Urgent,8.72,20,On Time
1072,2026-02-20 16:08:29,2026-02-20 16:33:29,Radiology,Critical,25.3,16,Delayed
1073,2026-02-02 02:57:22,2026-02-02 03:03:22,Lab,Urgent,5.81,2,On Time
1074,2026-01-14 18:35:53,2026-01-14 18:54:53,Lab,Urgent,18.75,18,On Time
1075,2026-01-23 19:41:01,2026-01-23 20:16:01,Radiology,Critical,34.67,19,Delayed
1076,2026-02-21 13:05:56,2026-02-21 13:14:56,ER,Critical,8.97,13,On Time
1077,2026-02-21 18:32:47,2026-02-21 18:44:47,Lab,Urgent,12.37,18,On Time
1078,2026-01-23 20:24:51,2026-01-23 20:45:51,OPD,Normal,20.75,20,Delayed
1079,2026-02-14 03:52:57,2026-02-14 04:02:57,Lab,Normal,10.11,3,On Time
1080,2026-02-06 14:13:35,2026-02-06 14:46:35,Radiology,Critical,32.73,14,Delayed
1081,2026-02-04 05:10:56,2026-02-04 05:23:56,Lab,Urgent,13.48,5,On Time
1082,2026-01-13 01:11:30,2026-01-13 01:17:30,OPD,Urgent,5.61,1,On Time
1083,2026-02-11 12:59:55,2026-02-11 13:08:55,Lab,Normal,9.39,12,On Time
1084,2026-01-13 18:01:44,2026-01-13 18:23:44,ER,Critical,21.69,18,Delayed
1085,2026-02-18 19:01:56,2026-02-18 19:34:56,ER,Critical,32.6,19,Delayed
1086,2026-02-13 03:45:09,2026-02-13 04:04:09,ER,Normal,19.31,3,On Time
1087,2026-02-20 09:34:20,2026-02-20 09:42:20,Radiology,Critical,7.62,9,On Time
1088,2026-02-21 03:22:05,2026-02-21 03:36:05,Radiology,Normal,14.02,3,On Time
1089,2026-01-19 19:55:17,2026-01-19 20:02:17,OPD,Normal,7.31,19,On Time
1090,2026-02-06 08:16:09,2026-02-06 08:23:09,Lab,Urgent,7.0,8,On Time
1091,2026-01-21 22:45:44,2026-01-21 23:08:44,Radiology,Critical,23.23,22,Delayed
1092,2026-02-11 09:41:34,2026-02-11 09:48:34,ER,Normal,6.57,9,On Time
1093,2026-01-25 16:56:32,2026-01-25 17:21:32,ER,Urgent,25.06,16,Delayed
1094,2026-01-21 10:05:12,2026-01-21 10:13:12,OPD,Critical,8.11,10,On Time
1095,2026-01-23 23:29:21,2026-01-23 23:46:21,Radiology,Normal,16.71,23,On Time
1096,2026-02-17 15:48:37,2026-02-17 16:07:37,Radiology,Critical,18.53,15,On Time
1097,2026-01-26 16:21:58,2026-01-26 16:29:58,OPD,Critical,8.39,16,On Time
1098,2026-01-29 13:00:18,2026-01-29 13:11:18,Lab,Critical,10.65,13,On Time
1099,2026-01-30 15:07:05,2026-01-30 15:25:05,Radiology,Urgent,18.4,15,On Time
1100,2026-02-21 04:06:44,2026-02-21 04:41:44,OPD,Critical,34.94,4,Delayed
1101,2026-02-01 17:56:29,2026-02-01 18:06:29,ER,Urgent,9.53,17,On Time
1102,2026-01-25 12:49:37,2026-01-25 13:21:37,OPD,Urgent,31.96,12,Delayed
1103,2026-01-24 18:26:54,2026-01-24 18:33:54,ER,Urgent,6.86,18,On Time
1104,2026-02-15 08:51:31,2026-02-15 09:11:31,OPD,Normal,20.21,8,Delayed
1105,2026-01-17 08:15:17,2026-01-17 08:48:17,Radiology,Critical,32.53,8,Delayed
1106,2026-01-12 01:53:30,2026-01-12 02:17:30,Lab,Normal,23.78,1,Delayed
1107,2026-01-17 04:17:23,2026-01-17 04:33:23,Radiology,Normal,15.52,4,On Time
1108,2026-02-01 22:10:41,2026-02-01 22:34:41,Lab,Critical,24.19,22,Delayed
1109,2026-02-09 11:40:55,2026-02-09 11:45:55,ER,Urgent,5.34,11,On Time
1110,2026-02-08 02:32:57,2026-02-08 02:38:57,OPD,Urgent,6.41,2,On Time
1111,2026-02-02 00:11:10,2026-02-02 00:21:10,ER,Urgent,9.66,0,On Time
1112,2026-02-02 01:22:52,2026-02-02 01:40:52,Lab,Urgent,18.05,1,On Time
1113,2026-01-04 02:39:04,2026-01-04 03:02:04,Radiology,Urgent,22.98,2,Delayed
1114,2026-01-31 05:33:17,2026-01-31 05:47:17,ER,Critical,14.12,5,On Time
1115,2026-02-07 10:33:06,2026-02-07 11:00:06,Radiology,Normal,26.92,10,Delayed
1116,2026-01-14 01:22:30,2026-01-14 01:56:30,ER,Normal,33.57,1,Delayed
1117,2026-01-07 00:58:46,2026-01-07 01:16:46,Radiology,Urgent,18.44,0,On Time
1118,2026-02-24 08:39:40,2026-02-24 08:59:40,Radiology,Urgent,19.97,8,On Time
1119,2026-02-06 11:28:27,2026-02-06 11:59:27,Lab,Critical,31.3,11,Delayed
1120,2026-01-09 18:05:28,2026-01-09 18:17:28,Lab,Critical,12.08,18,On Time
1121,2026-02-17 19:52:00,2026-02-17 20:26:00,OPD,Urgent,34.12,19,Delayed
1122,2026-02-05 20:57:55,2026-02-05 21:26:55,ER,Urgent,28.99,20,Delayed
1123,2026-01-31 13:53:35,2026-01-31 14:18:35,Radiology,Critical,25.22,13,Delayed
1124,2026-01-23 19:10:18,2026-01-23 19:26:18,Lab,Critical,15.78,19,On Time
1125,2026-01-04 02:34:16,2026-01-04 02:58:16,ER,Urgent,24.39,2,Delayed
1126,2026-03-01 01:04:14,2026-03-01 01:27:14,ER,Critical,22.78,1,Delayed
1127,2026-01-21 14:57:26,2026-01-21 15:29:26,OPD,Urgent,31.8,14,Delayed
1128,2026-01-12 03:42:44,2026-01-12 04:00:44,Lab,Normal,18.01,3,On Time
1129,2026-02-25 13:46:48,2026-02-25 14:02:48,ER,Urgent,16.3,13,On Time
1130,2026-02-08 09:52:53,2026-02-08 09:58:53,ER,Critical,5.89,9,On Time
1131,2026-02-03 17:10:09,2026-02-03 17:35:09,Lab,Critical,24.89,17,Delayed
1132,2026-02-23 00:38:56,2026-02-23 01:12:56,ER,Normal,33.72,0,Delayed
1133,2026-02-07 07:54:10,2026-02-07 08:20:10,Lab,Normal,25.8,7,Delayed
1134,2026-02-18 18:09:40,2026-02-18 18:23:40,ER,Critical,13.83,18,On Time
1135,2026-01-20 21:09:29,2026-01-20 21:38:29,Radiology,Urgent,28.91,21,Delayed
1136,2026-02-20 02:14:45,2026-02-20 02:34:45,Radiology,Critical,19.73,2,On Time
1137,2026-02-01 16:34:18,2026-02-01 17:03:18,OPD,Critical,29.44,16,Delayed
1138,2026-02-02 06:11:54,2026-02-02 06:37:54,Radiology,Critical,25.56,6,Delayed
1139,2026-02-07 15:43:41,2026-02-07 15:51:41,Lab,Normal,7.88,15,On Time
1140,2026-02-12 20:45:45,2026-02-12 21:04:45,ER,Urgent,19.01,20,On Time
1141,2026-01-13 15:37:54,2026-01-13 15:53:54,OPD,Critical,16.49,15,On Time
1142,2026-01-28 07:54:17,2026-01-28 08:14:17,ER,Critical,19.91,7,On Time
1143,2026-01-10 05:13:02,2026-01-10 05:32:02,Radiology,Normal,18.87,5,On Time
1144,2026-02-17 21:17:34,2026-02-17 21:33:34,OPD,Urgent,16.36,21,On Time
1145,2026-01-19 16:50:21,2026-01-19 17:09:21,OPD,Normal,19.16,16,On Time
1146,2026-01-16 19:12:55,2026-01-16 19:23:55,ER,Critical,10.83,19,On Time
1147,2026-01-05 18:52:27,2026-01-05 19:10:27,Radiology,Critical,17.73,18,On Time
1148,2026-01-02 21:28:57,2026-01-02 21:56:57,Lab,Critical,27.57,21,Delayed
1149,2026-01-23 07:43:53,2026-01-23 08:07:53,ER,Urgent,24.14,7,Delayed
1150,2026-01-03 23:51:57,2026-01-04 00:23:57,OPD,Normal,31.61,23,Delayed
1151,2026-02-28 23:45:25,2026-03-01 00:08:25,ER,Normal,23.34,23,Delayed
1152,2026-01-11 23:35:00,2026-01-12 00:04:00,Lab,Critical,29.39,23,Delayed
1153,2026-01-09 20:50:38,2026-01-09 21:05:38,ER,Normal,14.67,20,On Time
1154,2026-02-22 07:16:03,2026-02-22 07:43:03,ER,Critical,26.97,7,Delayed
1155,2026-01-02 12:24:55,2026-01-02 12:30:55,ER,Critical,5.86,12,On Time
1156,2026-01-04 21:52:24,2026-01-04 22:14:24,Lab,Urgent,21.93,21,Delayed
1157,2026-01-19 16:58:18,2026-01-19 17:10:18,OPD,Normal,12.34,16,On Time
1158,2026-02-09 17:37:08,2026-02-09 17:48:08,Radiology,Urgent,10.87,17,On Time
1159,2026-02-23 12:35:06,2026-02-23 12:50:06,ER,Critical,15.17,12,On Time
1160,2026-01-21 09:35:47,2026-01-21 09:54:47,OPD,Critical,18.83,9,On Time
1161,2026-01-22 16:13:53,2026-01-22 16:38:53,OPD,Urgent,25.28,16,Delayed
1162,2026-01-23 14:05:47,2026-01-23 14:26:47,OPD,Normal,20.7,14,Delayed
1163,2026-02-21 16:24:52,2026-02-21 16:50:52,Radiology,Normal,26.42,16,Delayed
1164,2026-02-28 00:23:09,2026-02-28 00:42:09,Lab,Critical,19.43,0,On Time
1165,2026-02-23 02:47:00,2026-02-23 02:58:00,OPD,Normal,10.61,2,On Time
1166,2026-01-20 11:30:36,2026-01-20 11:39:36,Lab,Normal,8.81,11,On Time
1167,2026-02-09 02:28:36,2026-02-09 02:47:36,OPD,Normal,19.29,2,On Time
1168,2026-01-15 13:12:44,2026-01-15 13:20:44,Radiology,Urgent,7.97,13,On Time
1169,2026-01-24 11:12:47,2026-01-24 11:27:47,Lab,Urgent,15.21,11,On Time
1170,2026-01-31 15:53:43,2026-01-31 16:19:43,Radiology,Normal,25.95,15,Delayed
1171,2026-02-06 07:53:40,2026-02-06 08:26:40,Radiology,Urgent,33.18,7,Delayed
1172,2026-01-18 04:16:50,2026-01-18 04:41:50,Lab,Urgent,25.23,4,Delayed
1173,2026-01-10 12:47:37,2026-01-10 12:57:37,OPD,Urgent,10.3,12,On Time
1174,2026-01-19 09:30:17,2026-01-19 09:35:17,ER,Normal,5.48,9,On Time
1175,2026-01-18 15:54:06,2026-01-18 16:05:06,ER,Critical,11.18,15,On Time
1176,2026-01-09 04:25:06,2026-01-09 04:40:06,OPD,Urgent,15.09,4,On Time
1177,2026-02-26 11:30:38,2026-02-26 11:55:38,OPD,Critical,24.56,11,Delayed
1178,2026-02-19 14:17:24,2026-02-19 14:36:24,Radiology,Urgent,18.52,14,On Time
1179,2026-01-17 09:10:27,2026-01-17 09:39:27,ER,Normal,29.23,9,Delayed
1180,2026-02-11 21:16:40,2026-02-11 21:35:40,OPD,Critical,19.34,21,On Time
1181,2026-01-21 03:14:17,2026-01-21 03:35:17,Lab,Normal,21.33,3,Delayed
1182,2026-02-03 11:13:11,2026-02-03 11:47:11,ER,Normal,34.04,11,Delayed
1183,2026-01-09 10:06:09,2026-01-09 10:39:09,ER,Critical,32.54,10,Delayed
1184,2026-02-27 12:22:26,2026-02-27 12:42:26,Lab,Normal,20.38,12,Delayed
1185,2026-01-26 18:02:02,2026-01-26 18:21:02,Radiology,Urgent,18.55,18,On Time
1186,2026-02-03 23:24:28,2026-02-03 23:39:28,ER,Critical,15.37,23,On Time
1187,2026-01-28 16:09:00,2026-01-28 16:43:00,OPD,Urgent,34.3,16,Delayed
1188,2026-01-20 19:30:38,2026-01-20 20:04:38,Radiology,Critical,33.64,19,Delayed
1189,2026-02-24 08:03:06,2026-02-24 08:19:06,ER,Normal,16.25,8,On Time
1190,2026-02-22 05:24:45,2026-02-22 05:39:45,ER,Urgent,15.31,5,On Time
1191,2026-01-13 04:23:34,2026-01-13 04:43:34,Radiology,Normal,20.01,4,Delayed
1192,2026-01-09 12:18:30,2026-01-09 12:48:30,Lab,Normal,29.5,12,Delayed
1193,2026-01-14 01:57:22,2026-01-14 02:19:22,ER,Urgent,22.27,1,Delayed
1194,2026-01-18 10:00:41,2026-01-18 10:13:41,Lab,Normal,13.23,10,On Time
1195,2026-02-24 11:28:36,2026-02-24 11:48:36,Lab,Critical,19.79,11,On Time
1196,2026-02-25 05:37:39,2026-02-25 06:09:39,Radiology,Critical,32.46,5,Delayed
1197,2026-01-13 16:37:25,2026-01-13 16:44:25,Lab,Critical,6.88,16,On Time
1198,2026-03-01 14:05:26,2026-03-01 14:20:26,Radiology,Normal,15.44,14,On Time
1199,2026-01-31 06:36:55,2026-01-31 06:49:55,Lab,Normal,12.56,6,On Time
1200,2026-02-07 23:43:37,2026-02-07 23:55:37,OPD,Normal,12.29,23,On Time
1201,2026-01-18 18:33:21,2026-01-18 19:06:21,Radiology,Critical,33.06,18,Delayed
1202,2026-01-20 02:48:16,2026-01-20 02:58:16,Radiology,Critical,10.47,2,On Time
1203,2026-01-18 10:56:12,2026-01-18 11:24:12,Radiology,Urgent,27.79,10,Delayed
1204,2026-02-28 20:08:43,2026-02-28 20:38:43,OPD,Normal,30.43,20,Delayed
1205,2026-02-17 23:59:01,2026-02-18 00:10:01,Lab,Critical,10.61,23,On Time
1206,2026-02-27 18:37:24,2026-02-27 18:56:24,OPD,Normal,19.22,18,On Time
1207,2026-01-30 05:13:38,2026-01-30 05:32:38,Radiology,Critical,19.26,5,On Time
1208,2026-01-02 20:29:10,2026-01-02 20:55:10,OPD,Urgent,25.59,20,Delayed
1209,2026-01-10 03:24:31,2026-01-10 03:55:31,Radiology,Urgent,30.84,3,Delayed
1210,2026-02-15 13:50:02,2026-02-15 14:19:02,Radiology,Urgent,29.42,13,Delayed
1211,2026-01-13 04:56:06,2026-01-13 05:15:06,Lab,Critical,19.11,4,On Time
1212,2026-01-15 20:11:01,2026-01-15 20:27:01,ER,Critical,15.64,20,On Time
1213,2026-01-22 19:19:15,2026-01-22 19:40:15,Lab,Urgent,21.3,19,Delayed
1214,2026-02-07 00:15:31,2026-02-07 00:38:31,ER,Normal,22.64,0,Delayed
1215,2026-01-09 11:47:05,2026-01-09 12:12:05,Radiology,Urgent,24.87,11,Delayed
1216,2026-02-04 13:15:05,2026-02-04 13:36:05,Radiology,Critical,21.13,13,Delayed
1217,2026-01-04 14:44:18,2026-01-04 15:11:18,Lab,Critical,27.1,14,Delayed
1218,2026-01-01 21:53:19,2026-01-01 22:03:19,Radiology,Critical,9.84,21,On Time
1219,2026-01-21 02:01:18,2026-01-21 02:27:18,Lab,Urgent,26.06,2,Delayed
1220,2026-02-05 00:31:10,2026-02-05 00:56:10,Lab,Normal,24.77,0,Delayed
1221,2026-01-06 14:25:33,2026-01-06 14:37:33,Radiology,Normal,11.92,14,On Time
1222,2026-02-14 10:02:12,2026-02-14 10:28:12,ER,Normal,25.6,10,Delayed
1223,2026-01-22 18:07:10,2026-01-22 18:36:10,Radiology,Urgent,29.42,18,Delayed
1224,2026-01-25 02:02:16,2026-01-25 02:25:16,Radiology,Critical,22.94,2,Delayed
1225,2026-01-19 23:19:59,2026-01-19 23:29:59,Radiology,Critical,10.31,23,On Time
1226,2026-02-26 14:14:52,2026-02-26 14:27:52,OPD,Normal,12.95,14,On Time
1227,2026-02-24 21:02:09,2026-02-24 21:23:09,Radiology,Critical,21.0,21,Delayed
1228,2026-01-19 13:13:37,2026-01-19 13:33:37,Lab,Critical,19.96,13,On Time
1229,2026-02-28 01:00:09,2026-02-28 01:30:09,OPD,Normal,30.14,1,Delayed
1230,2026-02-15 16:33:40,2026-02-15 16:39:40,Radiology,Critical,5.98,16,On Time
1231,2026-02-20 07:15:17,2026-02-20 07:29:17,ER,Critical,14.22,7,On Time
1232,2026-02-22 18:57:59,2026-02-22 19:27:59,Lab,Critical,29.93,18,Delayed
1233,2026-02-22 13:55:34,2026-02-22 14:04:34,ER,Normal,8.84,13,On Time
1234,2026-01-20 00:27:21,2026-01-20 00:49:21,Radiology,Normal,22.26,0,Delayed
1235,2026-02-14 12:21:08,2026-02-14 12:56:08,Radiology,Normal,34.93,12,Delayed
1236,2026-02-17 23:59:01,2026-02-18 00:20:01,OPD,Critical,21.45,23,Delayed
1237,2026-01-19 01:53:38,2026-01-19 02:07:38,Lab,Critical,14.3,1,On Time
1238,2026-02-03 02:58:37,2026-02-03 03:29:37,Lab,Normal,31.02,2,Delayed
1239,2026-02-27 03:42:43,2026-02-27 03:58:43,Radiology,Normal,16.02,3,On Time
1240,2026-01-02 00:07:12,2026-01-02 00:33:12,Lab,Urgent,26.38,0,Delayed
1241,2026-02-05 04:33:32,2026-02-05 04:58:32,Lab,Normal,24.74,4,Delayed
1242,2026-02-18 18:03:50,2026-02-18 18:09:50,Lab,Critical,5.58,18,On Time
1243,2026-01-12 18:40:48,2026-01-12 18:53:48,Radiology,Critical,13.36,18,On Time
1244,2026-02-01 00:08:54,2026-02-01 00:14:54,Lab,Normal,5.78,0,On Time
1245,2026-01-22 01:50:12,2026-01-22 02:04:12,OPD,Urgent,14.1,1,On Time
1246,2026-02-07 18:01:25,2026-02-07 18:34:25,Radiology,Critical,33.07,18,Delayed
1247,2026-01-22 09:25:11,2026-01-22 09:40:11,Lab,Critical,15.38,9,On Time
1248,2026-01-20 19:02:49,2026-01-20 19:33:49,OPD,Critical,30.91,19,Delayed
1249,2026-01-17 10:09:10,2026-01-17 10:20:10,ER,Urgent,11.39,10,On Time
1250,2026-01-10 19:37:13,2026-01-10 19:44:13,Radiology,Urgent,7.45,19,On Time
1251,2026-02-27 03:27:30,2026-02-27 03:54:30,Radiology,Normal,27.19,3,Delayed
1252,2026-01-26 05:01:49,2026-01-26 05:10:49,OPD,Urgent,9.01,5,On Time
1253,2026-02-28 05:20:26,2026-02-28 05:53:26,Radiology,Critical,33.06,5,Delayed
1254,2026-02-18 08:25:43,2026-02-18 08:59:43,OPD,Critical,34.05,8,Delayed
1255,2026-02-18 10:26:19,2026-02-18 10:43:19,Lab,Urgent,16.65,10,On Time
1256,2026-02-06 17:47:11,2026-02-06 18:15:11,Radiology,Urgent,27.76,17,Delayed
1257,2026-02-08 23:14:02,2026-02-08 23:41:02,Lab,Urgent,27.12,23,Delayed
1258,2026-01-11 00:33:06,2026-01-11 00:50:06,Lab,Urgent,17.23,0,On Time
1259,2026-02-11 11:18:19,2026-02-11 11:25:19,OPD,Critical,7.26,11,On Time
1260,2026-02-02 17:02:46,2026-02-02 17:33:46,Lab,Urgent,30.58,17,Delayed
1261,2026-01-01 11:09:01,2026-01-01 11:23:01,Lab,Urgent,14.16,11,On Time
1262,2026-01-30 19:50:54,2026-01-30 20:15:54,Radiology,Urgent,25.43,19,Delayed
1263,2026-02-23 00:49:28,2026-02-23 01:19:28,Lab,Critical,30.34,0,Delayed
1264,2026-02-24 19:05:05,2026-02-24 19:28:05,ER,Critical,22.66,19,Delayed
1265,2026-02-08 23:22:18,2026-02-08 23:42:18,Lab,Critical,19.75,23,On Time
1266,2026-02-19 14:38:42,2026-02-19 15:11:42,ER,Normal,32.65,14,Delayed
1267,2026-03-01 10:08:12,2026-03-01 10:23:12,Lab,Urgent,14.82,10,On Time
1268,2026-02-13 10:42:07,2026-02-13 11:05:07,Radiology,Critical,22.66,10,Delayed
1269,2026-01-09 17:43:45,2026-01-09 18:02:45,Radiology,Normal,18.55,17,On Time
1270,2026-01-19 06:16:34,2026-01-19 06:29:34,OPD,Critical,12.8,6,On Time
1271,2026-02-05 20:39:00,2026-02-05 21:00:00,Radiology,Normal,21.04,20,Delayed
1272,2026-01-21 22:38:27,2026-01-21 22:54:27,Lab,Urgent,15.53,22,On Time
1273,2026-01-19 21:13:09,2026-01-19 21:21:09,Lab,Normal,8.3,21,On Time
1274,2026-02-10 20:20:52,2026-02-10 20:34:52,OPD,Urgent,14.14,20,On Time
1275,2026-01-02 04:34:37,2026-01-02 04:58:37,ER,Urgent,23.62,4,Delayed
1276,2026-02-09 17:46:51,2026-02-09 17:58:51,ER,Critical,12.04,17,On Time
1277,2026-02-04 16:06:33,2026-02-04 16:17:33,OPD,Normal,11.22,16,On Time
1278,2026-02-03 05:12:38,2026-02-03 05:20:38,Radiology,Normal,7.72,5,On Time
1279,2026-01-06 02:28:33,2026-01-06 02:43:33,OPD,Urgent,15.4,2,On Time
1280,2026-01-20 19:13:48,2026-01-20 19:36:48,Radiology,Critical,22.71,19,Delayed
1281,2026-01-19 11:22:50,2026-01-19 11:40:50,ER,Normal,17.69,11,On Time
1282,2026-02-22 17:55:34,2026-02-22 18:10:34,Radiology,Normal,14.67,17,On Time
1283,2026-02-05 18:51:56,2026-02-05 19:04:56,Lab,Critical,13.13,18,On Time
1284,2026-01-23 02:53:58,2026-01-23 03:22:58,Radiology,Critical,29.15,2,Delayed
1285,2026-01-09 18:25:11,2026-01-09 18:36:11,Lab,Normal,10.65,18,On Time
1286,2026-01-16 11:07:41,2026-01-16 11:25:41,OPD,Urgent,17.81,11,On Time
1287,2026-02-03 20:56:47,2026-02-03 21:08:47,OPD,Urgent,11.95,20,On Time
1288,2026-02-15 19:16:42,2026-02-15 19:49:42,OPD,Normal,32.63,19,Delayed
1289,2026-01-07 19:49:41,2026-01-07 19:58:41,OPD,Critical,9.01,19,On Time
1290,2026-01-12 07:33:24,2026-01-12 07:45:24,Lab,Urgent,12.24,7,On Time
1291,2026-01-29 01:55:03,2026-01-29 02:27:03,ER,Normal,32.2,1,Delayed
1292,2026-01-15 21:40:55,2026-01-15 21:59:55,Lab,Urgent,18.79,21,On Time
1293,2026-01-18 09:35:20,2026-01-18 09:48:20,Lab,Normal,13.36,9,On Time
1294,2026-01-21 20:47:55,2026-01-21 21:04:55,Radiology,Critical,16.61,20,On Time
1295,2026-02-17 21:16:19,2026-02-17 21:24:19,ER,Urgent,8.24,21,On Time
1296,2026-02-04 19:40:52,2026-02-04 20:06:52,Lab,Urgent,25.75,19,Delayed
1297,2026-01-25 11:40:35,2026-01-25 12:00:35,OPD,Normal,20.13,11,Delayed
1298,2026-02-28 10:54:30,2026-02-28 11:28:30,Radiology,Critical,33.55,10,Delayed
1299,2026-01-07 11:48:29,2026-01-07 12:10:29,Lab,Normal,22.16,11,Delayed
1300,2026-01-12 22:40:10,2026-01-12 22:48:10,Radiology,Urgent,8.37,22,On Time
1301,2026-02-01 03:15:12,2026-02-01 03:24:12,ER,Urgent,9.46,3,On Time
1302,2026-02-21 23:41:20,2026-02-22 00:12:20,Radiology,Critical,31.32,23,Delayed
1303,2026-01-10 13:50:20,2026-01-10 14:22:20,Radiology,Critical,31.56,13,Delayed
1304,2026-02-03 20:00:30,2026-02-03 20:22:30,ER,Critical,22.28,20,Delayed
1305,2026-01-30 05:57:04,2026-01-30 06:26:04,Lab,Urgent,29.22,5,Delayed
1306,2026-02-01 12:33:23,2026-02-01 12:46:23,Radiology,Critical,13.34,12,On Time
1307,2026-02-13 08:49:05,2026-02-13 09:21:05,OPD,Critical,32.49,8,Delayed
1308,2026-01-22 15:32:45,2026-01-22 16:02:45,ER,Critical,30.27,15,Delayed
1309,2026-01-13 10:02:05,2026-01-13 10:27:05,Radiology,Normal,25.34,10,Delayed
1310,2026-02-15 22:44:23,2026-02-15 23:01:23,Lab,Normal,16.51,22,On Time
1311,2026-02-24 02:57:52,2026-02-24 03:22:52,Lab,Normal,24.55,2,Delayed
1312,2026-01-23 14:56:41,2026-01-23 15:15:41,ER,Urgent,18.94,14,On Time
1313,2026-01-16 13:56:29,2026-01-16 14:19:29,ER,Critical,22.9,13,Delayed
1314,2026-02-01 19:25:29,2026-02-01 19:59:29,ER,Critical,33.99,19,Delayed
1315,2026-02-18 13:30:20,2026-02-18 13:39:20,ER,Urgent,8.82,13,On Time
1316,2026-02-10 11:03:30,2026-02-10 11:20:30,Radiology,Urgent,16.76,11,On Time
1317,2026-02-14 11:08:43,2026-02-14 11:18:43,Lab,Normal,10.2,11,On Time
1318,2026-02-03 23:07:02,2026-02-03 23:34:02,Radiology,Urgent,26.94,23,Delayed
1319,2026-01-08 18:28:43,2026-01-08 18:58:43,Radiology,Urgent,30.3,18,Delayed
1320,2026-02-04 01:45:08,2026-02-04 01:50:08,OPD,Urgent,5.24,1,On Time
1321,2026-01-18 16:15:13,2026-01-18 16:35:13,Lab,Urgent,19.68,16,On Time
1322,2026-01-04 09:08:52,2026-01-04 09:20:52,Radiology,Critical,12.01,9,On Time
1323,2026-01-28 21:09:32,2026-01-28 21:27:32,Radiology,Normal,18.42,21,On Time
1324,2026-02-19 12:32:13,2026-02-19 12:52:13,ER,Normal,20.45,12,Delayed
1325,2026-01-28 18:21:03,2026-01-28 18:40:03,Radiology,Critical,18.71,18,On Time
1326,2026-02-21 22:52:45,2026-02-21 23:27:45,OPD,Normal,34.89,22,Delayed
1327,2026-02-01 01:11:51,2026-02-01 01:40:51,OPD,Urgent,28.53,1,Delayed
1328,2026-01-22 21:32:00,2026-01-22 21:47:00,Lab,Critical,15.22,21,On Time
1329,2026-01-16 16:59:03,2026-01-16 17:12:03,Lab,Normal,12.74,16,On Time
1330,2026-01-15 01:23:38,2026-01-15 01:56:38,Radiology,Normal,32.67,1,Delayed
1331,2026-01-10 14:28:12,2026-01-10 14:47:12,Radiology,Normal,19.05,14,On Time
1332,2026-02-25 02:20:21,2026-02-25 02:52:21,Lab,Normal,31.72,2,Delayed
1333,2026-01-01 14:21:38,2026-01-01 14:44:38,Radiology,Normal,22.59,14,Delayed
1334,2026-01-03 08:16:49,2026-01-03 08:49:49,Lab,Critical,33.48,8,Delayed
1335,2026-02-05 20:58:35,2026-02-05 21:06:35,Lab,Critical,7.96,20,On Time
1336,2026-02-24 20:14:38,2026-02-24 20:48:38,ER,Urgent,33.87,20,Delayed
1337,2026-01-06 12:36:06,2026-01-06 12:43:06,ER,Urgent,7.41,12,On Time
1338,2026-02-02 18:37:17,2026-02-02 18:59:17,OPD,Urgent,22.36,18,Delayed
1339,2026-02-24 14:24:52,2026-02-24 14:57:52,ER,Critical,33.4,14,Delayed
1340,2026-02-23 03:54:34,2026-02-23 04:26:34,Radiology,Critical,31.74,3,Delayed
1341,2026-01-13 05:25:04,2026-01-13 05:32:04,Lab,Critical,6.76,5,On Time
1342,2026-01-08 05:37:57,2026-01-08 06:09:57,ER,Critical,32.1,5,Delayed
1343,2026-02-21 05:07:27,2026-02-21 05:14:27,Radiology,Normal,7.32,5,On Time
1344,2026-01-01 05:27:06,2026-01-01 05:42:06,Lab,Critical,14.92,5,On Time
1345,2026-01-10 14:56:32,2026-01-10 15:06:32,OPD,Normal,9.51,14,On Time
1346,2026-02-12 03:39:47,2026-02-12 04:08:47,Radiology,Critical,29.11,3,Delayed
1347,2026-02-28 22:11:24,2026-02-28 22:30:24,OPD,Normal,19.45,22,On Time
1348,2026-02-26 18:28:42,2026-02-26 18:37:42,Radiology,Normal,8.93,18,On Time
1349,2026-03-01 04:43:44,2026-03-01 05:14:44,OPD,Urgent,31.17,4,Delayed
1350,2026-02-16 05:20:24,2026-02-16 05:45:24,ER,Critical,24.95,5,Delayed
1351,2026-01-20 08:38:02,2026-01-20 08:55:02,ER,Normal,16.86,8,On Time
1352,2026-01-17 08:56:14,2026-01-17 09:25:14,ER,Critical,28.52,8,Delayed
1353,2026-01-28 14:08:07,2026-01-28 14:38:07,Radiology,Urgent,30.25,14,Delayed
1354,2026-02-06 20:32:01,2026-02-06 20:43:01,ER,Urgent,11.31,20,On Time
1355,2026-01-27 18:04:36,2026-01-27 18:39:36,Lab,Normal,34.56,18,Delayed
1356,2026-01-12 01:08:44,2026-01-12 01:41:44,ER,Critical,33.48,1,Delayed
1357,2026-01-03 08:43:54,2026-01-03 09:13:54,Radiology,Urgent,29.69,8,Delayed
1358,2026-02-05 22:12:41,2026-02-05 22:30:41,OPD,Normal,18.17,22,On Time
1359,2026-01-11 23:17:56,2026-01-11 23:49:56,Radiology,Normal,31.62,23,Delayed
1360,2026-01-14 00:29:06,2026-01-14 00:57:06,ER,Urgent,27.72,0,Delayed
1361,2026-02-07 07:13:25,2026-02-07 07:45:25,Lab,Critical,31.74,7,Delayed
1362,2026-02-09 14:25:23,2026-02-09 14:43:23,ER,Normal,18.13,14,On Time
1363,2026-01-02 18:05:04,2026-01-02 18:39:04,Lab,Urgent,33.58,18,Delayed
1364,2026-02-03 18:45:47,2026-02-03 18:58:47,Lab,Critical,12.87,18,On Time
1365,2026-02-15 02:53:48,2026-02-15 03:22:48,Lab,Critical,28.67,2,Delayed
1366,2026-01-21 01:50:18,2026-01-21 02:08:18,ER,Urgent,17.93,1,On Time
1367,2026-02-21 11:56:46,2026-02-21 12:28:46,Radiology,Critical,32.14,11,Delayed
1368,2026-01-18 12:40:10,2026-01-18 12:56:10,ER,Normal,16.36,12,On Time
1369,2026-02-10 18:03:04,2026-02-10 18:25:04,Radiology,Critical,21.78,18,Delayed
1370,2026-01-19 05:22:03,2026-01-19 05:32:03,Radiology,Critical,10.12,5,On Time
1371,2026-01-10 18:59:44,2026-01-10 19:11:44,Lab,Urgent,11.68,18,On Time
1372,2026-01-23 08:47:18,2026-01-23 09:08:18,OPD,Normal,20.55,8,Delayed
1373,2026-02-08 11:49:14,2026-02-08 12:17:14,Radiology,Critical,28.11,11,Delayed
1374,2026-02-21 06:39:51,2026-02-21 06:53:51,Radiology,Urgent,13.71,6,On Time
1375,2026-01-11 08:20:30,2026-01-11 08:30:30,OPD,Normal,9.84,8,On Time
1376,2026-02-25 17:25:37,2026-02-25 17:53:37,ER,Normal,28.02,17,Delayed
1377,2026-02-05 21:47:04,2026-02-05 21:56:04,Radiology,Critical,9.28,21,On Time
1378,2026-01-03 12:33:04,2026-01-03 13:00:04,Lab,Urgent,27.02,12,Delayed
1379,2026-02-26 20:30:06,2026-02-26 20:41:06,ER,Normal,10.73,20,On Time
1380,2026-02-06 15:29:35,2026-02-06 15:37:35,Lab,Normal,7.54,15,On Time
1381,2026-02-14 05:31:57,2026-02-14 05:53:57,Lab,Normal,22.38,5,Delayed
1382,2026-01-23 18:42:40,2026-01-23 19:12:40,ER,Normal,30.13,18,Delayed
1383,2026-01-31 17:53:02,2026-01-31 18:09:02,OPD,Urgent,16.0,17,On Time
1384,2026-01-01 10:39:19,2026-01-01 11:11:19,OPD,Normal,32.01,10,Delayed
1385,2026-01-02 22:10:39,2026-01-02 22:17:39,OPD,Critical,7.37,22,On Time
1386,2026-01-24 23:51:00,2026-01-25 00:03:00,Radiology,Normal,11.62,23,On Time
1387,2026-02-04 00:11:25,2026-02-04 00:24:25,Lab,Urgent,13.03,0,On Time
1388,2026-01-02 05:29:33,2026-01-02 06:02:33,Lab,Urgent,33.25,5,Delayed
1389,2026-01-07 20:31:52,2026-01-07 20:46:52,OPD,Normal,15.13,20,On Time
1390,2026-02-01 21:22:27,2026-02-01 21:43:27,Radiology,Urgent,20.52,21,Delayed
1391,2026-01-04 04:20:10,2026-01-04 04:26:10,ER,Critical,6.46,4,On Time
1392,2026-01-08 20:00:44,2026-01-08 20:30:44,Lab,Critical,29.67,20,Delayed
1393,2026-01-30 09:03:01,2026-01-30 09:10:01,Radiology,Normal,6.79,9,On Time
1394,2026-01-22 19:16:04,2026-01-22 19:48:04,OPD,Urgent,32.15,19,Delayed
1395,2026-02-28 19:47:33,2026-02-28 20:08:33,Lab,Critical,20.96,19,Delayed
1396,2026-02-20 20:10:47,2026-02-20 20:22:47,Lab,Urgent,12.0,20,On Time
1397,2026-01-14 14:31:31,2026-01-14 15:02:31,Lab,Normal,31.24,14,Delayed
1398,2026-01-09 11:38:28,2026-01-09 11:48:28,OPD,Normal,10.2,11,On Time
1399,2026-01-09 08:22:17,2026-01-09 08:45:17,Lab,Urgent,23.46,8,Delayed
1400,2026-01-17 08:31:56,2026-01-17 08:36:56,ER,Critical,5.39,8,On Time
1401,2026-01-14 16:33:08,2026-01-14 16:55:08,ER,Normal,21.81,16,Delayed
1402,2026-01-11 18:18:31,2026-01-11 18:28:31,OPD,Critical,10.33,18,On Time
1403,2026-01-03 19:12:14,2026-01-03 19:34:14,Lab,Normal,22.23,19,Delayed
1404,2026-01-29 15:57:29,2026-01-29 16:20:29,OPD,Normal,22.56,15,Delayed
1405,2026-01-06 06:08:55,2026-01-06 06:22:55,ER,Critical,13.88,6,On Time
1406,2026-01-22 00:23:16,2026-01-22 00:32:16,Lab,Critical,9.47,0,On Time
1407,2026-01-03 19:03:38,2026-01-03 19:13:38,Lab,Normal,9.63,19,On Time
1408,2026-02-06 02:25:35,2026-02-06 02:57:35,Lab,Normal,32.26,2,Delayed
1409,2026-02-06 08:21:16,2026-02-06 08:30:16,Radiology,Normal,9.12,8,On Time
1410,2026-01-04 05:04:31,2026-01-04 05:23:31,ER,Urgent,19.15,5,On Time
1411,2026-01-18 08:11:30,2026-01-18 08:37:30,Lab,Urgent,26.43,8,Delayed
1412,2026-02-17 22:38:51,2026-02-17 23:08:51,Radiology,Urgent,30.39,22,Delayed
1413,2026-02-10 00:35:30,2026-02-10 00:53:30,ER,Urgent,17.98,0,On Time
1414,2026-01-06 00:31:19,2026-01-06 01:02:19,ER,Critical,31.27,0,Delayed
1415,2026-02-10 11:09:56,2026-02-10 11:24:56,Lab,Critical,15.12,11,On Time
1416,2026-02-02 19:33:41,2026-02-02 20:02:41,OPD,Urgent,29.34,19,Delayed
1417,2026-02-27 21:11:26,2026-02-27 21:43:26,Lab,Critical,31.93,21,Delayed
1418,2026-02-05 19:56:37,2026-02-05 20:06:37,ER,Urgent,9.77,19,On Time
1419,2026-02-11 12:18:09,2026-02-11 12:48:09,ER,Critical,30.14,12,Delayed
1420,2026-02-26 12:22:05,2026-02-26 12:43:05,Radiology,Normal,21.17,12,Delayed
1421,2026-01-03 05:46:56,2026-01-03 06:21:56,Radiology,Urgent,34.99,5,Delayed
1422,2026-01-31 21:30:24,2026-01-31 21:43:24,Radiology,Critical,13.08,21,On Time
1423,2026-02-05 20:27:41,2026-02-05 20:44:41,ER,Urgent,16.58,20,On Time
1424,2026-01-15 20:15:36,2026-01-15 20:39:36,OPD,Urgent,24.2,20,Delayed
1425,2026-01-28 11:52:03,2026-01-28 12:03:03,Lab,Urgent,10.8,11,On Time
1426,2026-01-09 05:31:41,2026-01-09 05:52:41,OPD,Normal,21.1,5,Delayed
1427,2026-02-25 22:56:10,2026-02-25 23:13:10,OPD,Critical,17.42,22,On Time
1428,2026-02-16 03:20:05,2026-02-16 03:40:05,ER,Urgent,19.83,3,On Time
1429,2026-01-14 06:03:17,2026-01-14 06:10:17,Lab,Critical,7.23,6,On Time
1430,2026-01-29 06:39:47,2026-01-29 06:56:47,Lab,Normal,16.96,6,On Time
1431,2026-02-15 19:02:30,2026-02-15 19:28:30,OPD,Critical,26.47,19,Delayed
1432,2026-02-06 15:36:29,2026-02-06 15:46:29,ER,Urgent,10.06,15,On Time
1433,2026-02-11 19:13:45,2026-02-11 19:43:45,ER,Critical,30.41,19,Delayed
1434,2026-01-30 03:24:28,2026-01-30 03:55:28,Radiology,Normal,31.28,3,Delayed
1435,2026-01-10 19:21:49,2026-01-10 19:52:49,Radiology,Urgent,30.74,19,Delayed
1436,2026-02-13 05:44:54,2026-02-13 05:59:54,OPD,Urgent,14.95,5,On Time
1437,2026-02-26 19:16:54,2026-02-26 19:29:54,Lab,Normal,13.16,19,On Time
1438,2026-01-22 04:04:57,2026-01-22 04:22:57,ER,Normal,17.51,4,On Time
1439,2026-01-21 06:33:45,2026-01-21 06:39:45,ER,Normal,6.14,6,On Time
1440,2026-01-20 00:15:17,2026-01-20 00:28:17,OPD,Critical,13.28,0,On Time
1441,2026-01-19 11:50:33,2026-01-19 12:12:33,Radiology,Critical,22.49,11,Delayed
1442,2026-01-04 09:21:08,2026-01-04 09:46:08,ER,Normal,24.94,9,Delayed
1443,2026-01-25 16:36:32,2026-01-25 17:03:32,OPD,Normal,27.02,16,Delayed
1444,2026-02-04 19:24:27,2026-02-04 19:58:27,ER,Urgent,34.04,19,Delayed
1445,2026-02-09 07:32:11,2026-02-09 07:52:11,Lab,Critical,20.16,7,Delayed
1446,2026-02-15 04:58:22,2026-02-15 05:30:22,OPD,Urgent,32.19,4,Delayed
1447,2026-01-22 15:17:10,2026-01-22 15:49:10,OPD,Urgent,31.99,15,Delayed
1448,2026-02-09 16:22:36,2026-02-09 16:32:36,Radiology,Urgent,9.83,16,On Time
1449,2026-02-08 11:06:58,2026-02-08 11:21:58,Radiology,Normal,15.3,11,On Time
1450,2026-01-19 14:20:12,2026-01-19 14:47:12,Lab,Urgent,27.06,14,Delayed
1451,2026-01-24 09:04:42,2026-01-24 09:20:42,Lab,Critical,16.13,9,On Time
1452,2026-02-02 08:40:46,2026-02-02 09:07:46,ER,Critical,27.12,8,Delayed
1453,2026-01-27 09:45:12,2026-01-27 10:14:12,Lab,Critical,29.42,9,Delayed
1454,2026-01-17 02:24:03,2026-01-17 02:42:03,OPD,Urgent,17.98,2,On Time
1455,2026-01-24 09:30:05,2026-01-24 09:49:05,ER,Urgent,19.13,9,On Time
1456,2026-01-01 16:34:52,2026-01-01 16:55:52,Lab,Critical,20.51,16,Delayed
1457,2026-01-22 21:43:50,2026-01-22 21:54:50,Radiology,Critical,11.44,21,On Time
1458,2026-01-18 14:35:28,2026-01-18 15:02:28,Radiology,Normal,26.93,14,Delayed
1459,2026-01-06 04:39:03,2026-01-06 04:56:03,Lab,Critical,16.57,4,On Time
1460,2026-02-25 05:21:00,2026-02-25 05:27:00,OPD,Critical,6.4,5,On Time
1461,2026-02-10 18:23:06,2026-02-10 18:50:06,Lab,Critical,27.21,18,Delayed
1462,2026-01-30 16:43:41,2026-01-30 16:53:41,OPD,Urgent,10.49,16,On Time
1463,2026-02-14 00:33:45,2026-02-14 01:04:45,ER,Normal,30.58,0,Delayed
1464,2026-02-04 14:01:06,2026-02-04 14:25:06,OPD,Critical,23.73,14,Delayed
1465,2026-01-17 10:46:21,2026-01-17 10:54:21,Lab,Critical,7.98,10,On Time
1466,2026-01-21 15:31:58,2026-01-21 15:51:58,OPD,Normal,20.01,15,Delayed
1467,2026-02-19 15:11:22,2026-02-19 15:34:22,OPD,Urgent,22.83,15,Delayed
1468,2026-02-21 15:53:26,2026-02-21 16:07:26,Radiology,Normal,14.21,15,On Time
1469,2026-01-20 20:09:07,2026-01-20 20:18:07,Lab,Critical,9.26,20,On Time
1470,2026-02-10 08:59:10,2026-02-10 09:30:10,OPD,Normal,31.03,8,Delayed
1471,2026-01-02 09:59:11,2026-01-02 10:08:11,Lab,Urgent,8.84,9,On Time
1472,2026-02-05 09:31:29,2026-02-05 09:53:29,ER,Normal,22.17,9,Delayed
1473,2026-01-27 10:06:25,2026-01-27 10:40:25,Lab,Normal,34.15,10,Delayed
1474,2026-01-16 07:11:58,2026-01-16 07:45:58,ER,Critical,33.62,7,Delayed
1475,2026-02-17 18:48:16,2026-02-17 19:08:16,ER,Normal,19.86,18,On Time
1476,2026-01-31 10:51:14,2026-01-31 11:16:14,Radiology,Critical,25.23,10,Delayed
1477,2026-02-04 15:48:07,2026-02-04 15:59:07,OPD,Critical,11.36,15,On Time
1478,2026-01-02 04:55:21,2026-01-02 05:03:21,OPD,Normal,7.98,4,On Time
1479,2026-01-07 00:32:18,2026-01-07 01:03:18,Radiology,Urgent,30.71,0,Delayed
1480,2026-02-18 01:59:56,2026-02-18 02:33:56,OPD,Normal,33.62,1,Delayed
1481,2026-02-14 18:05:45,2026-02-14 18:35:45,Radiology,Normal,29.68,18,Delayed
1482,2026-02-25 20:59:57,2026-02-25 21:32:57,Radiology,Critical,32.62,20,Delayed
1483,2026-01-01 01:01:27,2026-01-01 01:10:27,Lab,Critical,9.38,1,On Time
1484,2026-02-18 18:26:06,2026-02-18 18:45:06,Radiology,Critical,19.01,18,On Time
1485,2026-02-14 00:19:39,2026-02-14 00:36:39,Radiology,Critical,17.38,0,On Time
1486,2026-02-16 11:08:01,2026-02-16 11:33:01,Radiology,Normal,24.68,11,Delayed
1487,2026-01-13 00:20:55,2026-01-13 00:42:55,ER,Critical,21.79,0,Delayed
1488,2026-02-27 09:45:06,2026-02-27 10:16:06,OPD,Urgent,30.61,9,Delayed
1489,2026-02-27 04:36:05,2026-02-27 04:55:05,Lab,Critical,19.32,4,On Time
1490,2026-01-27 20:25:08,2026-01-27 20:49:08,Radiology,Normal,23.58,20,Delayed
1491,2026-01-18 07:01:17,2026-01-18 07:27:17,Lab,Urgent,26.36,7,Delayed
1492,2026-02-06 10:26:30,2026-02-06 10:32:30,OPD,Urgent,5.64,10,On Time
1493,2026-02-26 12:46:29,2026-02-26 13:10:29,OPD,Normal,24.0,12,Delayed
1494,2026-03-01 08:02:55,2026-03-01 08:23:55,Lab,Critical,21.15,8,Delayed
1495,2026-02-22 21:59:24,2026-02-22 22:15:24,ER,Critical,16.25,21,On Time
1496,2026-01-25 02:38:15,2026-01-25 03:12:15,Lab,Critical,33.71,2,Delayed
1497,2026-01-24 11:32:38,2026-01-24 12:03:38,ER,Urgent,31.37,11,Delayed
1498,2026-02-11 01:55:11,2026-02-11 02:00:11,ER,Critical,5.42,1,On Time
1499,2026-01-09 11:26:11,2026-01-09 11:49:11,Lab,Normal,22.79,11,Delayed
1500,2026-03-01 23:11:55,2026-03-01 23:23:55,ER,Normal,11.74,23,On Time
1501,2026-01-22 22:51:58,2026-01-22 23:26:58,Radiology,Critical,34.59,22,Delayed
1502,2026-02-02 12:04:04,2026-02-02 12:12:04,Radiology,Normal,7.5,12,On Time
1503,2026-01-11 07:09:16,2026-01-11 07:36:16,ER,Urgent,26.89,7,Delayed
1504,2026-03-01 12:34:16,2026-03-01 12:55:16,Lab,Urgent,20.74,12,Delayed
1505,2026-01-23 12:25:52,2026-01-23 12:57:52,OPD,Normal,31.57,12,Delayed
1506,2026-01-23 05:40:08,2026-01-23 05:54:08,OPD,Normal,13.58,5,On Time
1507,2026-02-13 01:31:48,2026-02-13 01:48:48,Radiology,Normal,16.54,1,On Time
1508,2026-01-10 17:37:58,2026-01-10 18:04:58,ER,Urgent,26.86,17,Delayed
1509,2026-01-31 20:11:47,2026-01-31 20:39:47,OPD,Urgent,28.4,20,Delayed
1510,2026-01-11 03:06:38,2026-01-11 03:26:38,Radiology,Urgent,19.97,3,On Time
1511,2026-01-17 07:05:21,2026-01-17 07:10:21,OPD,Critical,5.44,7,On Time
1512,2026-01-29 19:40:10,2026-01-29 20:04:10,Radiology,Critical,24.41,19,Delayed
1513,2026-02-15 04:28:02,2026-02-15 04:54:02,ER,Normal,25.56,4,Delayed
1514,2026-01-25 11:02:58,2026-01-25 11:28:58,ER,Critical,25.76,11,Delayed
1515,2026-02-19 20:11:54,2026-02-19 20:41:54,Lab,Normal,29.86,20,Delayed
1516,2026-02-24 09:02:38,2026-02-24 09:13:38,OPD,Critical,11.44,9,On Time
1517,2026-02-04 02:01:14,2026-02-04 02:20:14,Lab,Urgent,18.87,2,On Time
1518,2026-01-27 08:31:38,2026-01-27 08:43:38,Radiology,Urgent,12.15,8,On Time
1519,2026-02-09 01:14:58,2026-02-09 01:28:58,Lab,Urgent,13.72,1,On Time
1520,2026-02-10 01:56:00,2026-02-10 02:14:00,ER,Urgent,18.1,1,On Time
1521,2026-01-25 09:57:57,2026-01-25 10:10:57,ER,Normal,13.0,9,On Time
1522,2026-01-28 21:44:28,2026-01-28 21:50:28,Radiology,Critical,6.35,21,On Time
1523,2026-02-04 02:00:42,2026-02-04 02:29:42,OPD,Critical,29.21,2,Delayed
1524,2026-01-11 08:59:03,2026-01-11 09:09:03,OPD,Critical,9.96,8,On Time
1525,2026-01-18 14:41:55,2026-01-18 14:56:55,Radiology,Critical,15.12,14,On Time
1526,2026-02-10 17:58:23,2026-02-10 18:13:23,Lab,Critical,15.1,17,On Time
1527,2026-01-11 06:10:39,2026-01-11 06:21:39,OPD,Urgent,10.66,6,On Time
1528,2026-02-07 15:04:32,2026-02-07 15:21:32,ER,Critical,16.57,15,On Time
1529,2026-01-16 14:38:16,2026-01-16 14:45:16,Lab,Urgent,6.77,14,On Time
1530,2026-01-27 07:41:37,2026-01-27 07:46:37,Lab,Urgent,5.11,7,On Time
1531,2026-01-24 13:16:17,2026-01-24 13:35:17,ER,Critical,18.9,13,On Time
1532,2026-01-07 16:59:22,2026-01-07 17:23:22,Radiology,Urgent,24.24,16,Delayed
1533,2026-02-03 00:26:53,2026-02-03 00:45:53,Lab,Normal,18.59,0,On Time
1534,2026-02-12 01:36:00,2026-02-12 01:52:00,Radiology,Normal,16.43,1,On Time
1535,2026-02-24 08:32:03,2026-02-24 09:05:03,ER,Critical,33.34,8,Delayed
1536,2026-02-26 13:42:25,2026-02-26 13:51:25,Radiology,Normal,9.18,13,On Time
1537,2026-01-02 02:12:31,2026-01-02 02:27:31,Lab,Normal,14.5,2,On Time
1538,2026-02-22 07:23:47,2026-02-22 07:37:47,Radiology,Critical,13.56,7,On Time
1539,2026-02-03 06:03:43,2026-02-03 06:13:43,ER,Urgent,10.39,6,On Time
1540,2026-01-29 16:09:01,2026-01-29 16:28:01,Radiology,Urgent,19.39,16,On Time
1541,2026-01-02 08:32:24,2026-01-02 09:06:24,Lab,Normal,33.91,8,Delayed
1542,2026-01-03 13:08:20,2026-01-03 13:32:20,ER,Urgent,24.12,13,Delayed
1543,2026-02-13 22:55:37,2026-02-13 23:16:37,OPD,Urgent,20.53,22,Delayed
1544,2026-02-20 07:43:36,2026-02-20 08:18:36,OPD,Critical,34.59,7,Delayed
1545,2026-01-21 01:13:49,2026-01-21 01:28:49,Lab,Critical,14.71,1,On Time
1546,2026-02-11 12:10:37,2026-02-11 12:19:37,Lab,Urgent,9.07,12,On Time
1547,2026-01-13 21:04:39,2026-01-13 21:17:39,Lab,Urgent,12.82,21,On Time
1548,2026-02-05 03:17:40,2026-02-05 03:34:40,ER,Normal,16.73,3,On Time
1549,2026-01-29 22:47:25,2026-01-29 23:21:25,OPD,Critical,34.02,22,Delayed
1550,2026-01-04 14:15:38,2026-01-04 14:25:38,Lab,Normal,9.87,14,On Time
1551,2026-01-28 21:26:43,2026-01-28 21:40:43,ER,Normal,14.25,21,On Time
1552,2026-02-06 08:39:26,2026-02-06 09:02:26,ER,Critical,23.06,8,Delayed
1553,2026-01-13 08:22:56,2026-01-13 08:44:56,ER,Critical,21.77,8,Delayed
1554,2026-01-31 13:57:04,2026-01-31 14:30:04,ER,Normal,32.72,13,Delayed
1555,2026-01-10 02:20:44,2026-01-10 02:46:44,ER,Critical,26.07,2,Delayed
1556,2026-02-13 10:34:02,2026-02-13 10:41:02,ER,Normal,7.47,10,On Time
1557,2026-01-04 02:36:29,2026-01-04 02:53:29,Radiology,Normal,16.86,2,On Time
1558,2026-01-08 14:39:33,2026-01-08 15:10:33,ER,Urgent,31.43,14,Delayed
1559,2026-01-19 16:55:03,2026-01-19 17:04:03,Lab,Critical,8.86,16,On Time
1560,2026-02-09 07:23:48,2026-02-09 07:52:48,ER,Normal,29.22,7,Delayed
1561,2026-01-28 14:46:46,2026-01-28 15:06:46,ER,Critical,19.9,14,On Time
1562,2026-02-18 06:18:09,2026-02-18 06:52:09,OPD,Normal,33.64,6,Delayed
1563,2026-02-07 04:42:10,2026-02-07 04:55:10,Lab,Normal,13.34,4,On Time
1564,2026-01-29 22:37:51,2026-01-29 23:11:51,OPD,Critical,34.08,22,Delayed
1565,2026-01-15 13:29:17,2026-01-15 14:02:17,ER,Critical,33.48,13,Delayed
1566,2026-01-11 09:19:44,2026-01-11 09:28:44,ER,Critical,8.84,9,On Time
1567,2026-02-13 19:20:33,2026-02-13 19:55:33,Radiology,Normal,34.87,19,Delayed
1568,2026-01-24 22:53:11,2026-01-24 23:02:11,OPD,Critical,9.15,22,On Time
1569,2026-02-17 19:21:36,2026-02-17 19:50:36,Lab,Critical,29.49,19,Delayed
1570,2026-02-27 10:44:13,2026-02-27 11:12:13,Radiology,Urgent,28.07,10,Delayed
1571,2026-02-22 02:38:13,2026-02-22 03:03:13,Lab,Normal,25.1,2,Delayed
1572,2026-01-21 10:47:52,2026-01-21 11:09:52,Radiology,Critical,21.75,10,Delayed
1573,2026-02-03 10:04:51,2026-02-03 10:17:51,Lab,Urgent,12.96,10,On Time
1574,2026-01-27 15:09:17,2026-01-27 15:37:17,Lab,Urgent,28.19,15,Delayed
1575,2026-01-08 13:31:40,2026-01-08 13:54:40,Lab,Critical,22.88,13,Delayed
1576,2026-01-18 04:33:35,2026-01-18 05:01:35,ER,Normal,28.36,4,Delayed
1577,2026-01-04 12:15:24,2026-01-04 12:44:24,Radiology,Urgent,28.91,12,Delayed
1578,2026-02-21 18:47:06,2026-02-21 19:02:06,ER,Urgent,15.18,18,On Time
1579,2026-01-18 02:30:16,2026-01-18 03:01:16,OPD,Urgent,30.8,2,Delayed
1580,2026-02-22 09:31:41,2026-02-22 09:49:41,Lab,Urgent,18.29,9,On Time
1581,2026-01-27 17:18:35,2026-01-27 17:32:35,ER,Normal,13.66,17,On Time
1582,2026-01-02 05:32:56,2026-01-02 05:40:56,OPD,Normal,7.94,5,On Time
1583,2026-02-27 21:11:52,2026-02-27 21:24:52,OPD,Urgent,13.18,21,On Time
1584,2026-01-15 05:28:26,2026-01-15 05:51:26,OPD,Urgent,22.95,5,Delayed
1585,2026-01-12 16:33:17,2026-01-12 16:43:17,ER,Urgent,9.57,16,On Time
1586,2026-02-07 02:56:43,2026-02-07 03:25:43,ER,Urgent,29.09,2,Delayed
1587,2026-01-27 05:21:03,2026-01-27 05:27:03,Radiology,Critical,6.15,5,On Time
1588,2026-02-17 12:50:09,2026-02-17 12:58:09,ER,Urgent,8.04,12,On Time
1589,2026-01-21 09:16:16,2026-01-21 09:41:16,OPD,Urgent,24.83,9,Delayed
1590,2026-01-23 04:18:52,2026-01-23 04:38:52,OPD,Normal,20.37,4,Delayed
1591,2026-01-17 08:55:24,2026-01-17 09:06:24,ER,Normal,10.58,8,On Time
1592,2026-02-08 23:19:55,2026-02-08 23:32:55,OPD,Normal,12.76,23,On Time
1593,2026-02-11 08:08:09,2026-02-11 08:31:09,Radiology,Critical,23.37,8,Delayed
1594,2026-02-12 12:45:06,2026-02-12 12:54:06,Lab,Critical,8.83,12,On Time
1595,2026-01-20 18:51:29,2026-01-20 19:00:29,Lab,Normal,8.93,18,On Time
1596,2026-02-11 11:26:43,2026-02-11 11:50:43,ER,Normal,24.27,11,Delayed
1597,2026-01-24 22:19:13,2026-01-24 22:45:13,OPD,Urgent,26.2,22,Delayed
1598,2026-02-18 08:50:13,2026-02-18 09:05:13,OPD,Urgent,15.23,8,On Time
1599,2026-01-12 23:09:16,2026-01-12 23:37:16,ER,Normal,27.82,23,Delayed
1600,2026-01-07 02:14:45,2026-01-07 02:27:45,ER,Urgent,13.33,2,On Time
1601,2026-02-10 22:53:43,2026-02-10 23:18:43,ER,Critical,24.56,22,Delayed
1602,2026-02-23 15:11:40,2026-02-23 15:21:40,ER,Normal,9.52,15,On Time
1603,2026-01-19 21:11:17,2026-01-19 21:42:17,OPD,Critical,30.68,21,Delayed
1604,2026-02-02 12:46:15,2026-02-02 13:02:15,OPD,Critical,16.45,12,On Time
1605,2026-01-30 00:11:46,2026-01-30 00:35:46,Lab,Urgent,23.57,0,Delayed
1606,2026-02-24 16:55:08,2026-02-24 17:14:08,Lab,Critical,18.5,16,On Time
1607,2026-02-04 03:20:23,2026-02-04 03:30:23,ER,Urgent,10.33,3,On Time
1608,2026-01-19 15:10:32,2026-01-19 15:28:32,OPD,Critical,18.24,15,On Time
1609,2026-01-26 14:44:42,2026-01-26 15:19:42,Lab,Critical,34.51,14,Delayed
1610,2026-01-17 12:23:54,2026-01-17 12:48:54,OPD,Urgent,24.9,12,Delayed
1611,2026-02-20 10:21:41,2026-02-20 10:50:41,Lab,Urgent,29.47,10,Delayed
1612,2026-01-01 05:46:26,2026-01-01 05:51:26,ER,Critical,5.49,5,On Time
1613,2026-01-18 13:11:05,2026-01-18 13:33:05,Radiology,Normal,21.83,13,Delayed
1614,2026-03-01 22:45:56,2026-03-01 22:54:56,Lab,Normal,8.78,22,On Time
1615,2026-01-01 20:38:55,2026-01-01 21:05:55,Lab,Normal,26.77,20,Delayed
1616,2026-03-01 06:32:04,2026-03-01 06:58:04,Lab,Urgent,25.8,6,Delayed
1617,2026-02-10 16:47:52,2026-02-10 16:54:52,OPD,Urgent,7.34,16,On Time
1618,2026-02-09 00:24:14,2026-02-09 00:48:14,ER,Normal,23.64,0,Delayed
1619,2026-01-07 01:56:33,2026-01-07 02:24:33,Lab,Urgent,27.98,1,Delayed
1620,2026-01-06 09:39:34,2026-01-06 09:57:34,Radiology,Urgent,18.46,9,On Time
1621,2026-02-10 11:50:38,2026-02-10 12:20:38,ER,Normal,29.55,11,Delayed
1622,2026-01-12 16:05:41,2026-01-12 16:20:41,ER,Urgent,15.07,16,On Time
1623,2026-01-04 01:11:12,2026-01-04 01:42:12,ER,Critical,30.59,1,Delayed
1624,2026-02-10 15:23:23,2026-02-10 15:39:23,Radiology,Critical,16.34,15,On Time
1625,2026-01-13 22:37:59,2026-01-13 23:00:59,OPD,Critical,23.11,22,Delayed
1626,2026-01-08 12:39:00,2026-01-08 12:58:00,ER,Normal,19.47,12,On Time
1627,2026-02-03 09:45:22,2026-02-03 10:08:22,OPD,Urgent,22.55,9,Delayed
1628,2026-02-18 17:42:52,2026-02-18 18:03:52,ER,Critical,20.52,17,Delayed
1629,2026-02-01 05:53:00,2026-02-01 05:59:00,Lab,Normal,5.69,5,On Time
1630,2026-02-19 07:07:58,2026-02-19 07:13:58,Lab,Critical,5.59,7,On Time
1631,2026-02-08 02:04:19,2026-02-08 02:35:19,OPD,Critical,30.6,2,Delayed
1632,2026-01-11 12:58:52,2026-01-11 13:07:52,ER,Critical,8.61,12,On Time
1633,2026-02-20 12:41:57,2026-02-20 12:51:57,OPD,Critical,10.12,12,On Time
1634,2026-02-07 16:22:44,2026-02-07 16:50:44,Radiology,Urgent,28.26,16,Delayed
1635,2026-01-13 05:22:49,2026-01-13 05:30:49,Radiology,Urgent,8.3,5,On Time
1636,2026-01-01 14:47:14,2026-01-01 15:21:14,Lab,Normal,33.64,14,Delayed
1637,2026-01-02 04:18:11,2026-01-02 04:39:11,Lab,Normal,21.49,4,Delayed
1638,2026-02-24 14:14:27,2026-02-24 14:24:27,ER,Normal,9.91,14,On Time
1639,2026-01-31 00:03:48,2026-01-31 00:27:48,Lab,Urgent,24.21,0,Delayed
1640,2026-02-18 20:16:19,2026-02-18 20:31:19,ER,Normal,14.62,20,On Time
1641,2026-02-13 12:09:30,2026-02-13 12:17:30,OPD,Urgent,8.04,12,On Time
1642,2026-02-16 08:22:50,2026-02-16 08:51:50,Lab,Critical,29.07,8,Delayed
1643,2026-01-14 17:42:01,2026-01-14 18:16:01,ER,Urgent,33.76,17,Delayed
1644,2026-02-27 16:27:46,2026-02-27 16:57:46,OPD,Critical,30.16,16,Delayed
1645,2026-01-14 13:01:50,2026-01-14 13:07:50,Lab,Urgent,6.09,13,On Time
1646,2026-02-02 16:01:37,2026-02-02 16:21:37,Radiology,Urgent,19.65,16,On Time
1647,2026-01-29 01:49:09,2026-01-29 02:12:09,Lab,Critical,23.09,1,Delayed
1648,2026-01-24 21:51:04,2026-01-24 22:04:04,ER,Urgent,12.61,21,On Time
1649,2026-02-17 03:37:27,2026-02-17 03:46:27,OPD,Critical,8.83,3,On Time
1650,2026-01-17 01:10:47,2026-01-17 01:23:47,Lab,Normal,13.13,1,On Time
1651,2026-01-06 15:06:43,2026-01-06 15:30:43,Radiology,Critical,23.54,15,Delayed
1652,2026-01-31 23:53:40,2026-01-31 23:59:40,Lab,Urgent,5.53,23,On Time
1653,2026-02-05 11:46:21,2026-02-05 11:52:21,OPD,Normal,5.97,11,On Time
1654,2026-01-03 14:36:43,2026-01-03 15:02:43,OPD,Urgent,25.8,14,Delayed
1655,2026-01-01 02:22:07,2026-01-01 02:33:07,ER,Urgent,11.05,2,On Time
1656,2026-01-03 12:55:14,2026-01-03 13:29:14,Radiology,Normal,34.42,12,Delayed
1657,2026-01-23 15:54:22,2026-01-23 16:01:22,ER,Normal,6.91,15,On Time
1658,2026-01-08 17:18:24,2026-01-08 17:36:24,Radiology,Urgent,17.96,17,On Time
1659,2026-02-02 15:47:35,2026-02-02 15:52:35,OPD,Normal,5.06,15,On Time
1660,2026-01-17 07:12:05,2026-01-17 07:38:05,Radiology,Normal,26.48,7,Delayed
1661,2026-01-06 14:51:22,2026-01-06 15:09:22,Radiology,Critical,18.04,14,On Time
1662,2026-01-08 00:23:57,2026-01-08 00:31:57,ER,Urgent,8.24,0,On Time
1663,2026-02-01 13:38:06,2026-02-01 14:06:06,OPD,Critical,28.28,13,Delayed
1664,2026-03-01 12:32:45,2026-03-01 12:50:45,ER,Urgent,17.67,12,On Time
1665,2026-02-09 06:50:55,2026-02-09 06:56:55,ER,Normal,6.09,6,On Time
1666,2026-01-14 12:54:05,2026-01-14 13:05:05,OPD,Critical,11.08,12,On Time
1667,2026-01-22 06:28:21,2026-01-22 06:50:21,Lab,Normal,21.65,6,Delayed
1668,2026-01-19 23:06:45,2026-01-19 23:38:45,Lab,Critical,32.33,23,Delayed
1669,2026-02-11 11:22:16,2026-02-11 11:43:16,Lab,Normal,21.46,11,Delayed
1670,2026-01-30 12:15:07,2026-01-30 12:31:07,OPD,Urgent,15.79,12,On Time
1671,2026-02-12 17:22:19,2026-02-12 17:56:19,Lab,Critical,33.55,17,Delayed
1672,2026-01-24 22:14:27,2026-01-24 22:26:27,Radiology,Critical,12.08,22,On Time
1673,2026-01-07 05:30:11,2026-01-07 06:02:11,ER,Normal,31.58,5,Delayed
1674,2026-01-19 14:07:51,2026-01-19 14:35:51,Radiology,Normal,27.52,14,Delayed
1675,2026-02-21 09:08:40,2026-02-21 09:34:40,Radiology,Critical,25.57,9,Delayed
1676,2026-02-07 23:59:19,2026-02-08 00:17:19,OPD,Critical,18.16,23,On Time
1677,2026-02-21 23:25:59,2026-02-21 23:57:59,Radiology,Urgent,31.53,23,Delayed
1678,2026-02-19 22:28:46,2026-02-19 22:56:46,OPD,Normal,28.44,22,Delayed
1679,2026-01-19 04:24:09,2026-01-19 04:41:09,ER,Critical,16.85,4,On Time
1680,2026-02-02 01:17:08,2026-02-02 01:29:08,Lab,Critical,11.93,1,On Time
1681,2026-02-11 12:24:27,2026-02-11 12:37:27,ER,Critical,12.5,12,On Time
1682,2026-01-04 23:42:00,2026-01-05 00:16:00,Lab,Urgent,34.41,23,Delayed
1683,2026-02-14 20:08:35,2026-02-14 20:14:35,Radiology,Critical,5.72,20,On Time
1684,2026-02-26 21:26:34,2026-02-26 21:55:34,ER,Critical,28.78,21,Delayed
1685,2026-02-12 11:16:49,2026-02-12 11:48:49,OPD,Critical,32.06,11,Delayed
1686,2026-02-28 20:19:22,2026-02-28 20:31:22,ER,Critical,11.57,20,On Time
1687,2026-01-05 09:04:16,2026-01-05 09:10:16,ER,Normal,6.39,9,On Time
1688,2026-02-05 01:16:54,2026-02-05 01:25:54,Radiology,Urgent,9.43,1,On Time
1689,2026-01-29 16:56:26,2026-01-29 17:29:26,ER,Critical,32.9,16,Delayed
1690,2026-02-16 18:52:31,2026-02-16 18:58:31,Radiology,Critical,6.32,18,On Time
1691,2026-02-12 14:03:13,2026-02-12 14:30:13,Lab,Urgent,27.15,14,Delayed
1692,2026-01-18 03:31:46,2026-01-18 03:55:46,OPD,Normal,24.39,3,Delayed
1693,2026-02-02 00:19:45,2026-02-02 00:50:45,Radiology,Critical,31.24,0,Delayed
1694,2026-02-21 19:05:40,2026-02-21 19:28:40,OPD,Urgent,23.27,19,Delayed
1695,2026-02-22 18:44:09,2026-02-22 18:51:09,Lab,Normal,6.54,18,On Time
1696,2026-02-18 07:47:58,2026-02-18 07:59:58,Radiology,Critical,12.0,7,On Time
1697,2026-01-01 05:39:51,2026-01-01 06:10:51,OPD,Critical,31.01,5,Delayed
1698,2026-01-07 15:06:54,2026-01-07 15:26:54,ER,Urgent,20.12,15,Delayed
1699,2026-02-04 21:43:18,2026-02-04 22:07:18,OPD,Normal,23.63,21,Delayed
1700,2026-02-05 10:15:27,2026-02-05 10:25:27,Radiology,Urgent,9.54,10,On Time
1701,2026-01-25 06:53:49,2026-01-25 07:16:49,Radiology,Critical,23.23,6,Delayed
1702,2026-01-01 22:52:43,2026-01-01 23:03:43,Radiology,Normal,10.59,22,On Time
1703,2026-02-09 16:45:24,2026-02-09 17:12:24,Lab,Normal,26.58,16,Delayed
1704,2026-02-09 06:24:35,2026-02-09 06:46:35,Radiology,Normal,22.39,6,Delayed
1705,2026-02-23 01:20:01,2026-02-23 01:43:01,OPD,Critical,23.21,1,Delayed
1706,2026-01-18 10:15:42,2026-01-18 10:26:42,ER,Normal,10.74,10,On Time
1707,2026-01-01 03:48:14,2026-01-01 04:07:14,OPD,Critical,18.75,3,On Time
1708,2026-01-23 17:34:32,2026-01-23 18:02:32,Lab,Normal,27.66,17,Delayed
1709,2026-02-14 08:19:38,2026-02-14 08:51:38,OPD,Normal,32.03,8,Delayed
1710,2026-02-19 16:42:11,2026-02-19 17:15:11,ER,Normal,32.76,16,Delayed
1711,2026-01-14 14:42:20,2026-01-14 14:57:20,ER,Critical,15.33,14,On Time
1712,2026-02-13 19:08:37,2026-02-13 19:17:37,Lab,Critical,9.16,19,On Time
1713,2026-03-01 23:10:16,2026-03-01 23:36:16,OPD,Critical,25.73,23,Delayed
1714,2026-02-10 13:07:21,2026-02-10 13:35:21,Lab,Urgent,27.56,13,Delayed
1715,2026-02-20 08:12:02,2026-02-20 08:46:02,OPD,Normal,34.19,8,Delayed
1716,2026-01-03 21:57:35,2026-01-03 22:26:35,Radiology,Urgent,28.66,21,Delayed
1717,2026-02-12 03:57:24,2026-02-12 04:22:24,ER,Normal,24.73,3,Delayed
1718,2026-01-07 10:28:50,2026-01-07 10:55:50,OPD,Normal,27.41,10,Delayed
1719,2026-02-22 10:25:38,2026-02-22 10:57:38,Radiology,Normal,32.08,10,Delayed
1720,2026-01-04 15:40:37,2026-01-04 15:47:37,ER,Urgent,6.93,15,On Time
1721,2026-01-06 20:39:00,2026-01-06 21:13:00,Lab,Critical,34.37,20,Delayed
1722,2026-02-04 05:08:04,2026-02-04 05:32:04,OPD,Critical,23.73,5,Delayed
1723,2026-02-10 16:32:03,2026-02-10 17:02:03,ER,Urgent,30.32,16,Delayed
1724,2026-01-25 23:22:24,2026-01-25 23:54:24,ER,Urgent,31.94,23,Delayed
1725,2026-02-20 05:49:39,2026-02-20 06:14:39,Lab,Normal,24.51,5,Delayed
1726,2026-01-31 09:38:35,2026-01-31 09:52:35,Radiology,Normal,13.97,9,On Time
1727,2026-02-28 03:36:39,2026-02-28 04:08:39,Lab,Urgent,32.27,3,Delayed
1728,2026-01-24 01:28:13,2026-01-24 01:49:13,Lab,Critical,21.33,1,Delayed
1729,2026-01-20 19:53:22,2026-01-20 19:59:22,ER,Normal,5.96,19,On Time
1730,2026-01-14 06:59:57,2026-01-14 07:30:57,Lab,Normal,31.16,6,Delayed
1731,2026-01-13 21:44:46,2026-01-13 22:04:46,Radiology,Urgent,19.85,21,On Time
1732,2026-02-20 04:02:20,2026-02-20 04:13:20,OPD,Urgent,10.54,4,On Time
1733,2026-01-23 07:55:20,2026-01-23 08:09:20,OPD,Normal,13.68,7,On Time
1734,2026-02-25 14:11:14,2026-02-25 14:24:14,Lab,Critical,13.46,14,On Time
1735,2026-02-09 00:37:06,2026-02-09 00:52:06,Lab,Urgent,14.78,0,On Time
1736,2026-01-03 22:59:19,2026-01-03 23:34:19,Radiology,Critical,34.84,22,Delayed
1737,2026-01-14 11:03:32,2026-01-14 11:29:32,Radiology,Critical,26.08,11,Delayed
1738,2026-02-27 11:07:53,2026-02-27 11:27:53,Lab,Urgent,20.01,11,Delayed
1739,2026-01-20 18:22:28,2026-01-20 18:49:28,Lab,Normal,26.52,18,Delayed
1740,2026-01-26 00:49:44,2026-01-26 01:11:44,Lab,Critical,21.73,0,Delayed
1741,2026-01-26 20:02:27,2026-01-26 20:11:27,OPD,Urgent,8.89,20,On Time
1742,2026-02-23 14:54:36,2026-02-23 15:08:36,Radiology,Normal,13.73,14,On Time
1743,2026-02-09 10:53:10,2026-02-09 11:07:10,Lab,Normal,14.02,10,On Time
1744,2026-01-10 06:15:24,2026-01-10 06:36:24,ER,Critical,20.75,6,Delayed
1745,2026-02-10 16:20:27,2026-02-10 16:46:27,OPD,Critical,25.78,16,Delayed
1746,2026-01-04 10:08:37,2026-01-04 10:15:37,ER,Normal,7.34,10,On Time
1747,2026-02-08 19:42:43,2026-02-08 20:07:43,OPD,Urgent,24.58,19,Delayed
1748,2026-01-19 11:38:09,2026-01-19 12:00:09,Radiology,Critical,22.24,11,Delayed
1749,2026-01-16 18:28:29,2026-01-16 18:40:29,OPD,Urgent,12.43,18,On Time
1750,2026-01-12 18:24:31,2026-01-12 18:43:31,Lab,Normal,18.55,18,On Time
1751,2026-02-28 17:47:12,2026-02-28 18:19:12,Lab,Critical,32.01,17,Delayed
1752,2026-02-25 01:45:54,2026-02-25 01:57:54,OPD,Critical,11.67,1,On Time
1753,2026-02-02 04:42:14,2026-02-02 04:57:14,Radiology,Normal,14.51,4,On Time
1754,2026-02-12 06:31:03,2026-02-12 06:58:03,Lab,Normal,27.32,6,Delayed
1755,2026-01-12 06:33:36,2026-01-12 06:54:36,ER,Normal,21.04,6,Delayed
1756,2026-01-23 18:15:00,2026-01-23 18:22:00,ER,Normal,7.19,18,On Time
1757,2026-02-23 16:23:17,2026-02-23 16:50:17,Radiology,Urgent,26.86,16,Delayed
1758,2026-01-10 14:54:10,2026-01-10 15:28:10,OPD,Critical,34.4,14,Delayed
1759,2026-02-01 16:14:06,2026-02-01 16:24:06,OPD,Normal,10.03,16,On Time
1760,2026-01-06 17:33:56,2026-01-06 17:43:56,Lab,Critical,9.83,17,On Time
1761,2026-01-01 06:01:49,2026-01-01 06:27:49,OPD,Normal,25.52,6,Delayed
1762,2026-02-11 21:37:09,2026-02-11 21:58:09,Lab,Urgent,21.2,21,Delayed
1763,2026-01-12 14:57:31,2026-01-12 15:25:31,ER,Normal,27.95,14,Delayed
1764,2026-02-22 19:44:22,2026-02-22 20:08:22,Lab,Normal,24.07,19,Delayed
1765,2026-01-17 14:59:14,2026-01-17 15:06:14,OPD,Critical,6.58,14,On Time
1766,2026-02-13 13:47:38,2026-02-13 14:11:38,Radiology,Normal,23.5,13,Delayed
1767,2026-02-09 13:23:42,2026-02-09 13:36:42,OPD,Critical,13.16,13,On Time
1768,2026-01-19 21:13:18,2026-01-19 21:27:18,Lab,Normal,13.94,21,On Time
1769,2026-02-03 02:02:20,2026-02-03 02:14:20,Lab,Critical,12.27,2,On Time
1770,2026-02-08 12:24:46,2026-02-08 12:30:46,ER,Normal,5.6,12,On Time
1771,2026-02-01 12:29:23,2026-02-01 12:40:23,OPD,Urgent,10.96,12,On Time
1772,2026-01-12 14:35:45,2026-01-12 14:55:45,Radiology,Critical,20.02,14,Delayed
1773,2026-02-18 10:43:35,2026-02-18 11:09:35,ER,Critical,25.71,10,Delayed
1774,2026-01-18 00:56:57,2026-01-18 01:07:57,ER,Critical,10.92,0,On Time
1775,2026-01-01 08:49:10,2026-01-01 09:18:10,Radiology,Critical,28.53,8,Delayed
1776,2026-01-06 20:14:33,2026-01-06 20:19:33,Lab,Urgent,5.11,20,On Time
1777,2026-02-24 12:52:20,2026-02-24 13:18:20,Lab,Urgent,25.8,12,Delayed
1778,2026-02-22 15:32:59,2026-02-22 15:53:59,ER,Urgent,20.87,15,Delayed
1779,2026-01-21 18:58:31,2026-01-21 19:12:31,OPD,Urgent,14.05,18,On Time
1780,2026-02-16 17:03:48,2026-02-16 17:25:48,Lab,Critical,22.48,17,Delayed
1781,2026-02-27 19:48:26,2026-02-27 20:05:26,ER,Urgent,17.04,19,On Time
1782,2026-01-31 11:44:33,2026-01-31 12:02:33,Lab,Normal,17.88,11,On Time
1783,2026-01-14 23:20:41,2026-01-14 23:46:41,Radiology,Critical,26.19,23,Delayed
1784,2026-02-13 00:07:26,2026-02-13 00:26:26,ER,Critical,18.67,0,On Time
1785,2026-02-28 23:39:21,2026-02-28 23:47:21,Lab,Urgent,7.85,23,On Time
1786,2026-01-09 15:56:17,2026-01-09 16:22:17,ER,Normal,25.66,15,Delayed
1787,2026-02-23 22:43:44,2026-02-23 23:04:44,Radiology,Urgent,21.12,22,Delayed
1788,2026-02-12 01:02:38,2026-02-12 01:22:38,OPD,Urgent,20.08,1,Delayed
1789,2026-02-01 05:04:12,2026-02-01 05:37:12,ER,Critical,33.42,5,Delayed
1790,2026-02-09 22:32:27,2026-02-09 22:43:27,ER,Normal,11.35,22,On Time
1791,2026-01-12 00:54:39,2026-01-12 01:26:39,Radiology,Normal,31.94,0,Delayed
1792,2026-01-11 22:36:51,2026-01-11 23:08:51,ER,Urgent,32.38,22,Delayed
1793,2026-02-09 02:55:27,2026-02-09 03:07:27,ER,Urgent,12.23,2,On Time
1794,2026-02-22 11:15:40,2026-02-22 11:44:40,OPD,Urgent,28.95,11,Delayed
1795,2026-01-09 01:47:55,2026-01-09 02:02:55,ER,Critical,14.86,1,On Time
1796,2026-01-20 16:51:34,2026-01-20 16:56:34,ER,Urgent,5.44,16,On Time
1797,2026-02-13 21:10:19,2026-02-13 21:29:19,ER,Critical,18.75,21,On Time
1798,2026-01-16 16:23:03,2026-01-16 16:57:03,ER,Urgent,34.26,16,Delayed
1799,2026-01-25 16:51:26,2026-01-25 17:09:26,Radiology,Urgent,18.33,16,On Time
1800,2026-01-03 14:56:03,2026-01-03 15:13:03,Radiology,Urgent,17.48,14,On Time
1801,2026-02-08 13:01:00,2026-02-08 13:28:00,Lab,Critical,26.53,13,Delayed
1802,2026-02-17 15:08:53,2026-02-17 15:28:53,ER,Critical,20.05,15,Delayed
1803,2026-01-16 13:28:19,2026-01-16 14:00:19,Radiology,Critical,32.4,13,Delayed
1804,2026-02-09 09:56:55,2026-02-09 10:21:55,OPD,Normal,25.11,9,Delayed
1805,2026-01-19 17:13:53,2026-01-19 17:45:53,Lab,Normal,31.65,17,Delayed
1806,2026-02-17 16:36:01,2026-02-17 16:53:01,Lab,Urgent,16.63,16,On Time
1807,2026-01-23 02:12:36,2026-01-23 02:18:36,ER,Normal,5.7,2,On Time
1808,2026-02-24 13:28:45,2026-02-24 13:50:45,ER,Critical,22.4,13,Delayed
1809,2026-01-06 04:23:55,2026-01-06 04:30:55,ER,Critical,7.11,4,On Time
1810,2026-02-28 08:55:17,2026-02-28 09:03:17,Lab,Normal,8.44,8,On Time
1811,2026-02-11 15:46:48,2026-02-11 16:11:48,OPD,Urgent,25.26,15,Delayed
1812,2026-01-21 09:56:00,2026-01-21 10:12:00,Radiology,Normal,16.03,9,On Time
1813,2026-01-28 17:01:38,2026-01-28 17:17:38,OPD,Critical,15.84,17,On Time
1814,2026-02-20 19:45:10,2026-02-20 19:55:10,OPD,Critical,10.06,19,On Time
1815,2026-01-08 20:04:04,2026-01-08 20:28:04,Radiology,Normal,23.89,20,Delayed
1816,2026-01-12 03:21:09,2026-01-12 03:34:09,Lab,Normal,12.69,3,On Time
1817,2026-01-07 04:26:51,2026-01-07 04:59:51,OPD,Critical,33.46,4,Delayed
1818,2026-01-20 06:00:30,2026-01-20 06:24:30,ER,Critical,23.91,6,Delayed
1819,2026-02-11 20:38:38,2026-02-11 20:53:38,Lab,Normal,14.9,20,On Time
1820,2026-01-19 18:14:43,2026-01-19 18:24:43,Radiology,Critical,10.17,18,On Time
1821,2026-02-14 02:01:53,2026-02-14 02:17:53,Lab,Critical,16.11,2,On Time
1822,2026-02-11 10:56:46,2026-02-11 11:03:46,OPD,Critical,7.24,10,On Time
1823,2026-01-29 14:00:33,2026-01-29 14:22:33,OPD,Critical,21.7,14,Delayed
1824,2026-01-27 06:32:03,2026-01-27 07:04:03,ER,Critical,31.68,6,Delayed
1825,2026-02-06 02:30:43,2026-02-06 02:35:43,ER,Critical,5.2,2,On Time
1826,2026-02-25 20:20:18,2026-02-25 20:34:18,Lab,Critical,13.51,20,On Time
1827,2026-02-01 04:41:09,2026-02-01 05:09:09,ER,Normal,27.82,4,Delayed
1828,2026-02-26 07:52:33,2026-02-26 08:24:33,Lab,Urgent,31.8,7,Delayed
1829,2026-02-23 17:55:38,2026-02-23 18:23:38,ER,Urgent,28.16,17,Delayed
1830,2026-01-13 15:09:08,2026-01-13 15:26:08,OPD,Critical,17.49,15,On Time
1831,2026-02-09 01:06:17,2026-02-09 01:19:17,OPD,Normal,12.61,1,On Time
1832,2026-01-10 15:37:29,2026-01-10 15:52:29,ER,Critical,15.13,15,On Time
1833,2026-01-28 13:49:06,2026-01-28 14:02:06,Radiology,Urgent,12.56,13,On Time
1834,2026-02-06 18:08:32,2026-02-06 18:16:32,Lab,Critical,8.26,18,On Time
1835,2026-02-23 15:31:42,2026-02-23 16:02:42,Lab,Urgent,30.92,15,Delayed
1836,2026-01-04 16:45:53,2026-01-04 17:06:53,OPD,Urgent,20.72,16,Delayed
1837,2026-02-13 04:35:31,2026-02-13 05:04:31,Radiology,Urgent,28.5,4,Delayed
1838,2026-02-25 01:08:28,2026-02-25 01:21:28,Lab,Critical,13.19,1,On Time
1839,2026-01-23 19:27:41,2026-01-23 19:37:41,Lab,Critical,10.11,19,On Time
1840,2026-01-06 06:53:06,2026-01-06 07:07:06,OPD,Urgent,14.24,6,On Time
1841,2026-01-26 17:13:36,2026-01-26 17:42:36,Lab,Normal,28.74,17,Delayed
1842,2026-02-22 23:07:04,2026-02-22 23:26:04,Lab,Critical,19.31,23,On Time
1843,2026-01-04 06:05:54,2026-01-04 06:25:54,OPD,Urgent,20.37,6,Delayed
1844,2026-01-07 03:11:21,2026-01-07 03:20:21,OPD,Urgent,8.92,3,On Time
1845,2026-02-09 23:59:21,2026-02-10 00:13:21,Lab,Normal,14.28,23,On Time
1846,2026-01-24 02:02:19,2026-01-24 02:22:19,OPD,Urgent,20.27,2,Delayed
1847,2026-02-28 04:08:06,2026-02-28 04:30:06,Radiology,Normal,21.86,4,Delayed
1848,2026-01-24 05:14:00,2026-01-24 05:33:00,ER,Normal,19.44,5,On Time
1849,2026-01-12 20:10:06,2026-01-12 20:34:06,Lab,Normal,23.75,20,Delayed
1850,2026-01-21 13:51:57,2026-01-21 14:07:57,Lab,Urgent,15.51,13,On Time
1851,2026-02-09 02:24:54,2026-02-09 02:46:54,Radiology,Normal,21.98,2,Delayed
1852,2026-02-14 17:14:54,2026-02-14 17:40:54,OPD,Urgent,26.17,17,Delayed
1853,2026-02-21 08:35:15,2026-02-21 08:47:15,Lab,Urgent,12.17,8,On Time
1854,2026-01-14 12:28:24,2026-01-14 12:59:24,Lab,Urgent,30.84,12,Delayed
1855,2026-02-27 06:47:31,2026-02-27 06:54:31,OPD,Critical,6.97,6,On Time
1856,2026-01-13 23:22:57,2026-01-13 23:49:57,Radiology,Urgent,26.51,23,Delayed
1857,2026-02-20 06:06:15,2026-02-20 06:29:15,OPD,Urgent,23.02,6,Delayed
1858,2026-02-16 07:46:34,2026-02-16 08:18:34,OPD,Urgent,32.45,7,Delayed
1859,2026-02-28 12:48:30,2026-02-28 13:00:30,ER,Urgent,11.78,12,On Time
1860,2026-01-05 19:23:52,2026-01-05 19:40:52,Lab,Critical,16.61,19,On Time
1861,2026-01-29 00:03:57,2026-01-29 00:20:57,Lab,Normal,17.12,0,On Time
1862,2026-02-05 11:26:41,2026-02-05 11:40:41,Lab,Urgent,13.54,11,On Time
1863,2026-01-01 08:13:05,2026-01-01 08:44:05,OPD,Normal,30.72,8,Delayed
1864,2026-01-04 19:47:13,2026-01-04 20:22:13,Radiology,Normal,34.88,19,Delayed
1865,2026-01-25 01:16:43,2026-01-25 01:25:43,Lab,Critical,9.36,1,On Time
1866,2026-01-21 11:50:14,2026-01-21 12:00:14,Radiology,Urgent,9.81,11,On Time
1867,2026-02-10 20:38:36,2026-02-10 20:49:36,Radiology,Critical,10.96,20,On Time
1868,2026-02-25 01:51:54,2026-02-25 02:00:54,Radiology,Critical,8.88,1,On Time
1869,2026-02-11 23:41:01,2026-02-11 23:54:01,OPD,Urgent,13.16,23,On Time
1870,2026-02-10 04:27:28,2026-02-10 04:58:28,OPD,Critical,31.29,4,Delayed
1871,2026-01-03 18:41:04,2026-01-03 19:02:04,Lab,Critical,21.01,18,Delayed
1872,2026-02-07 23:42:52,2026-02-07 23:48:52,OPD,Critical,6.01,23,On Time
1873,2026-01-25 20:41:32,2026-01-25 20:56:32,OPD,Critical,15.17,20,On Time
1874,2026-02-20 16:36:11,2026-02-20 16:56:11,Radiology,Urgent,20.15,16,Delayed
1875,2026-01-14 10:51:14,2026-01-14 11:20:14,OPD,Critical,29.08,10,Delayed
1876,2026-01-29 02:04:06,2026-01-29 02:22:06,Radiology,Normal,18.36,2,On Time
1877,2026-01-24 22:17:58,2026-01-24 22:42:58,ER,Normal,25.27,22,Delayed
1878,2026-02-22 17:12:33,2026-02-22 17:39:33,ER,Critical,27.12,17,Delayed
1879,2026-01-04 16:33:22,2026-01-04 16:43:22,Lab,Critical,10.36,16,On Time
1880,2026-02-25 12:51:51,2026-02-25 13:14:51,ER,Critical,22.87,12,Delayed
1881,2026-01-30 23:22:22,2026-01-30 23:52:22,Lab,Normal,30.06,23,Delayed
1882,2026-01-23 14:52:28,2026-01-23 15:04:28,ER,Urgent,12.18,14,On Time
1883,2026-02-20 16:47:22,2026-02-20 17:04:22,OPD,Critical,17.02,16,On Time
1884,2026-01-18 18:00:32,2026-01-18 18:07:32,OPD,Normal,6.75,18,On Time
1885,2026-01-02 17:09:22,2026-01-02 17:32:22,Radiology,Normal,22.91,17,Delayed
1886,2026-02-20 09:54:37,2026-02-20 10:01:37,Radiology,Critical,7.32,9,On Time
1887,2026-02-22 17:39:13,2026-02-22 17:47:13,Radiology,Critical,8.29,17,On Time
1888,2026-01-25 20:31:31,2026-01-25 20:47:31,Lab,Critical,16.44,20,On Time
1889,2026-02-23 18:17:10,2026-02-23 18:50:10,ER,Urgent,33.4,18,Delayed
1890,2026-02-17 01:35:49,2026-02-17 02:03:49,Lab,Critical,28.13,1,Delayed
1891,2026-01-30 02:37:31,2026-01-30 03:07:31,Lab,Normal,29.91,2,Delayed
1892,2026-02-22 03:10:08,2026-02-22 03:26:08,ER,Critical,16.07,3,On Time
1893,2026-02-13 10:17:58,2026-02-13 10:33:58,Lab,Normal,15.63,10,On Time
1894,2026-02-23 12:04:51,2026-02-23 12:28:51,Lab,Normal,24.29,12,Delayed
1895,2026-01-14 21:33:02,2026-01-14 22:03:02,Lab,Critical,30.42,21,Delayed
1896,2026-01-14 05:18:33,2026-01-14 05:41:33,OPD,Normal,22.8,5,Delayed
1897,2026-02-19 03:28:32,2026-02-19 03:59:32,Radiology,Urgent,30.63,3,Delayed
1898,2026-01-06 18:10:19,2026-01-06 18:44:19,OPD,Urgent,33.71,18,Delayed
1899,2026-02-03 23:27:22,2026-02-04 00:02:22,OPD,Urgent,34.95,23,Delayed
1900,2026-01-28 21:36:05,2026-01-28 22:09:05,ER,Critical,32.57,21,Delayed
1901,2026-02-07 13:24:01,2026-02-07 13:41:01,ER,Critical,16.8,13,On Time
1902,2026-01-03 14:36:20,2026-01-03 14:54:20,ER,Normal,17.97,14,On Time
1903,2026-01-13 12:17:24,2026-01-13 12:36:24,Lab,Critical,18.82,12,On Time
1904,2026-01-01 08:30:43,2026-01-01 08:35:43,ER,Critical,5.17,8,On Time
1905,2026-01-09 04:07:35,2026-01-09 04:29:35,OPD,Normal,22.44,4,Delayed
1906,2026-01-15 05:57:27,2026-01-15 06:30:27,ER,Critical,33.45,5,Delayed
1907,2026-01-26 05:12:10,2026-01-26 05:23:10,Lab,Critical,10.89,5,On Time
1908,2026-02-25 06:05:47,2026-02-25 06:27:47,ER,Urgent,21.61,6,Delayed
1909,2026-02-19 13:38:36,2026-02-19 13:44:36,Lab,Critical,5.73,13,On Time
1910,2026-02-16 09:56:20,2026-02-16 10:14:20,Radiology,Critical,18.41,9,On Time
1911,2026-01-25 23:56:58,2026-01-26 00:13:58,Lab,Critical,16.6,23,On Time
1912,2026-01-15 17:41:35,2026-01-15 17:59:35,Lab,Critical,18.49,17,On Time
1913,2026-01-31 00:49:27,2026-01-31 01:20:27,Radiology,Normal,31.48,0,Delayed
1914,2026-02-18 01:38:28,2026-02-18 01:52:28,ER,Critical,13.56,1,On Time
1915,2026-01-15 16:13:15,2026-01-15 16:31:15,OPD,Normal,17.99,16,On Time
1916,2026-01-01 06:51:50,2026-01-01 07:09:50,ER,Normal,18.31,6,On Time
1917,2026-02-19 08:27:08,2026-02-19 08:34:08,Radiology,Normal,6.59,8,On Time
1918,2026-02-14 15:11:33,2026-02-14 15:23:33,Radiology,Critical,12.14,15,On Time
1919,2026-02-01 14:28:48,2026-02-01 14:45:48,OPD,Normal,16.74,14,On Time
1920,2026-01-25 16:07:38,2026-01-25 16:40:38,OPD,Critical,32.95,16,Delayed
1921,2026-01-23 14:45:01,2026-01-23 15:17:01,OPD,Normal,31.79,14,Delayed
1922,2026-02-28 09:07:27,2026-02-28 09:38:27,OPD,Normal,31.35,9,Delayed
1923,2026-01-13 14:49:43,2026-01-13 15:20:43,Lab,Critical,31.27,14,Delayed
1924,2026-01-20 03:09:56,2026-01-20 03:22:56,OPD,Normal,12.7,3,On Time
1925,2026-01-21 04:41:35,2026-01-21 04:49:35,OPD,Normal,7.79,4,On Time
1926,2026-02-07 09:23:05,2026-02-07 09:32:05,Lab,Urgent,8.67,9,On Time
1927,2026-01-30 06:52:10,2026-01-30 07:09:10,Lab,Normal,17.37,6,On Time
1928,2026-02-26 12:06:17,2026-02-26 12:25:17,Lab,Critical,19.1,12,On Time
1929,2026-01-29 19:30:17,2026-01-29 19:58:17,OPD,Normal,28.09,19,Delayed
1930,2026-01-26 21:44:15,2026-01-26 22:18:15,Lab,Normal,33.96,21,Delayed
1931,2026-01-12 20:08:51,2026-01-12 20:34:51,Radiology,Normal,26.39,20,Delayed
1932,2026-02-12 13:55:06,2026-02-12 14:11:06,Lab,Urgent,16.14,13,On Time
1933,2026-01-26 22:03:22,2026-01-26 22:26:22,Lab,Urgent,22.75,22,Delayed
1934,2026-02-11 05:54:13,2026-02-11 06:24:13,ER,Critical,30.0,5,Delayed
1935,2026-02-17 22:29:01,2026-02-17 23:02:01,ER,Urgent,32.82,22,Delayed
1936,2026-01-22 09:44:34,2026-01-22 10:05:34,Lab,Urgent,21.17,9,Delayed
1937,2026-02-09 08:38:31,2026-02-09 09:06:31,Radiology,Normal,27.87,8,Delayed
1938,2026-01-07 15:01:43,2026-01-07 15:29:43,Lab,Critical,28.06,15,Delayed
1939,2026-02-14 14:53:19,2026-02-14 15:26:19,Lab,Normal,33.49,14,Delayed
1940,2026-01-09 01:32:26,2026-01-09 01:51:26,Radiology,Critical,18.81,1,On Time
1941,2026-02-21 18:31:25,2026-02-21 19:05:25,OPD,Urgent,34.38,18,Delayed
1942,2026-01-05 12:52:46,2026-01-05 13:14:46,Lab,Urgent,22.38,12,Delayed
1943,2026-01-03 13:13:50,2026-01-03 13:29:50,Radiology,Normal,16.45,13,On Time
1944,2026-01-28 14:56:37,2026-01-28 15:02:37,Lab,Urgent,5.58,14,On Time
1945,2026-01-28 22:01:56,2026-01-28 22:29:56,OPD,Normal,27.74,22,Delayed
1946,2026-01-19 10:41:36,2026-01-19 10:59:36,OPD,Critical,18.28,10,On Time
1947,2026-02-15 11:16:23,2026-02-15 11:33:23,Radiology,Normal,17.33,11,On Time
1948,2026-01-03 00:33:28,2026-01-03 00:42:28,Lab,Urgent,9.23,0,On Time
1949,2026-01-11 22:15:34,2026-01-11 22:23:34,ER,Normal,8.4,22,On Time
1950,2026-02-14 05:48:54,2026-02-14 06:05:54,Radiology,Normal,17.26,5,On Time
1951,2026-01-10 23:34:53,2026-01-10 23:40:53,Lab,Critical,6.05,23,On Time
1952,2026-01-21 09:26:44,2026-01-21 09:57:44,OPD,Critical,31.38,9,Delayed
1953,2026-01-07 09:44:31,2026-01-07 10:13:31,Lab,Normal,28.73,9,Delayed
1954,2026-01-06 08:26:35,2026-01-06 08:33:35,Radiology,Normal,6.53,8,On Time
1955,2026-02-26 18:56:39,2026-02-26 19:13:39,ER,Urgent,16.65,18,On Time
1956,2026-01-26 06:02:42,2026-01-26 06:09:42,ER,Critical,7.04,6,On Time
1957,2026-02-11 10:59:14,2026-02-11 11:31:14,OPD,Urgent,32.0,10,Delayed
1958,2026-02-24 14:58:51,2026-02-24 15:10:51,OPD,Urgent,12.07,14,On Time
1959,2026-01-19 00:33:41,2026-01-19 01:06:41,Lab,Normal,32.51,0,Delayed
1960,2026-01-18 11:10:33,2026-01-18 11:28:33,OPD,Urgent,18.49,11,On Time
1961,2026-01-31 19:51:36,2026-01-31 20:26:36,OPD,Normal,34.55,19,Delayed
1962,2026-02-09 02:47:54,2026-02-09 03:03:54,Radiology,Urgent,16.38,2,On Time
1963,2026-03-01 23:14:17,2026-03-01 23:28:17,Lab,Normal,14.15,23,On Time
1964,2026-01-01 16:00:33,2026-01-01 16:32:33,OPD,Urgent,32.03,16,Delayed
1965,2026-02-21 08:56:19,2026-02-21 09:11:19,ER,Critical,14.56,8,On Time
1966,2026-02-16 17:14:30,2026-02-16 17:30:30,Lab,Normal,16.4,17,On Time
1967,2026-02-13 05:51:55,2026-02-13 06:13:55,Lab,Urgent,21.65,5,Delayed
1968,2026-01-09 15:16:41,2026-01-09 15:37:41,ER,Urgent,20.95,15,Delayed
1969,2026-03-01 13:18:04,2026-03-01 13:34:04,Radiology,Critical,15.83,13,On Time
1970,2026-02-17 12:51:37,2026-02-17 13:20:37,Lab,Urgent,28.89,12,Delayed
1971,2026-01-21 21:44:32,2026-01-21 22:14:32,ER,Urgent,30.37,21,Delayed
1972,2026-01-21 07:58:17,2026-01-21 08:20:17,Radiology,Critical,21.86,7,Delayed
1973,2026-01-01 13:08:51,2026-01-01 13:19:51,ER,Urgent,11.41,13,On Time
1974,2026-02-10 23:55:58,2026-02-11 00:22:58,Lab,Normal,27.02,23,Delayed
1975,2026-02-07 16:00:16,2026-02-07 16:18:16,OPD,Urgent,18.39,16,On Time
1976,2026-02-28 23:01:10,2026-02-28 23:27:10,Lab,Urgent,25.86,23,Delayed
1977,2026-01-12 23:20:00,2026-01-12 23:35:00,ER,Critical,14.79,23,On Time
1978,2026-02-20 18:46:11,2026-02-20 19:11:11,Radiology,Normal,24.9,18,Delayed
1979,2026-01-09 12:04:12,2026-01-09 12:10:12,Lab,Urgent,5.76,12,On Time
1980,2026-01-04 03:44:58,2026-01-04 04:18:58,Lab,Urgent,34.06,3,Delayed
1981,2026-02-03 20:24:42,2026-02-03 20:36:42,Lab,Normal,12.42,20,On Time
1982,2026-01-16 01:30:09,2026-01-16 01:45:09,Radiology,Urgent,14.78,1,On Time
1983,2026-01-25 14:02:01,2026-01-25 14:32:01,Radiology,Normal,29.71,14,Delayed
1984,2026-01-13 11:54:08,2026-01-13 12:02:08,Radiology,Urgent,8.47,11,On Time
1985,2026-01-15 17:47:38,2026-01-15 18:21:38,ER,Urgent,33.93,17,Delayed
1986,2026-01-25 03:14:52,2026-01-25 03:32:52,Radiology,Critical,17.51,3,On Time
1987,2026-01-05 08:43:21,2026-01-05 09:16:21,OPD,Urgent,33.16,8,Delayed
1988,2026-01-22 16:49:13,2026-01-22 16:58:13,Lab,Urgent,9.12,16,On Time
1989,2026-01-10 22:54:53,2026-01-10 23:00:53,Lab,Urgent,6.44,22,On Time
1990,2026-02-06 17:18:07,2026-02-06 17:34:07,Radiology,Urgent,15.7,17,On Time
1991,2026-01-29 22:31:34,2026-01-29 22:49:34,Lab,Normal,17.53,22,On Time
1992,2026-02-21 13:01:55,2026-02-21 13:19:55,Lab,Urgent,17.72,13,On Time
1993,2026-02-05 05:23:38,2026-02-05 05:46:38,OPD,Urgent,23.17,5,Delayed
1994,2026-02-17 02:34:05,2026-02-17 02:50:05,Lab,Urgent,16.23,2,On Time
1995,2026-02-14 11:59:22,2026-02-14 12:14:22,OPD,Critical,15.02,11,On Time
1996,2026-02-17 16:27:06,2026-02-17 16:41:06,ER,Urgent,13.84,16,On Time
1997,2026-02-01 15:47:37,2026-02-01 16:21:37,ER,Critical,33.87,15,Delayed
1998,2026-02-06 04:39:43,2026-02-06 04:51:43,OPD,Critical,12.26,4,On Time
1999,2026-01-11 07:46:29,2026-01-11 07:52:29,Lab,Critical,6.11,7,On Time
2000,2026-01-10 09:10:47,2026-01-10 09:18:47,Radiology,Urgent,7.53,9,On Time
