"Patient_ID","Arrival_Time","Doctor_Seen_Time","Department","Severity","Wait_Time_Min"
1,"2026-01-12 23:45:15","2026-01-12 23:58:15","Radiology","Critical",13.3
2,"2026-01-07 01:23:56","2026-01-07 01:35:56","Radiology","Urgent",11.98
3,"2026-01-27 19:46:38","2026-01-27 20:04:38","Lab","Urgent",17.53
4,"2026-01-10 22:19:46","2026-01-10 22:36:46","OPD","Normal",16.52
5,"2026-02-03 09:07:26","2026-02-03 09:39:26","Radiology","Critical",31.57
6,"2026-01-26 00:48:17","2026-01-26 01:13:17","ER","Urgent",25.08
7,"2026-01-03 17:04:53","2026-01-03 17:34:53","ER","Urgent",29.85
8,"2026-02-12 09:48:23","2026-02-12 10:20:23","OPD","Critical",31.98
9,"2026-02-16 12:03:47","2026-02-16 12:18:47","OPD","Normal",15.02
10,"2026-02-05 07:19:38","2026-02-05 07:47:38","ER","Critical",28.02
11,"2026-01-04 00:12:51","2026-01-04 00:20:51","OPD","Critical",7.79
12,"2026-02-02 08:01:01","2026-02-02 08:30:01","OPD","Urgent",29.11
13,"2026-02-16 20:27:41","2026-02-16 20:35:41","ER","Normal",8.39
14,"2026-01-12 08:56:36","2026-01-12 09:20:36","Lab","Critical",24.03
15,"2026-02-15 18:13:14","2026-02-15 18:32:14","ER","Normal",19.08
16,"2026-01-15 05:18:33","2026-01-15 05:39:33","Radiology","Critical",21.16
17,"2026-02-01 09:15:03","2026-02-01 09:42:03","ER","Critical",27.02
18,"2026-01-14 06:59:13","2026-01-14 07:10:13","OPD","Normal",10.76
19,"2026-02-06 15:17:45","2026-02-06 15:33:45","Radiology","Normal",15.67
20,"2026-01-31 00:34:46","2026-01-31 00:54:46","Radiology","Urgent",19.91
21,"2026-01-11 15:48:23","2026-01-11 16:11:23","Lab","Normal",23.35
22,"2026-01-24 22:41:41","2026-01-24 23:04:41","Radiology","Urgent",23.27
23,"2026-01-31 00:01:19","2026-01-31 00:14:19","Radiology","Urgent",13.27
24,"2026-01-11 17:15:24","2026-01-11 17:26:24","OPD","Normal",11.18
25,"2026-02-16 13:19:20","2026-02-16 13:34:20","OPD","Urgent",14.75
26,"2026-02-10 03:47:49","2026-02-10 04:16:49","ER","Normal",29.28
27,"2026-02-13 07:19:37","2026-02-13 07:33:37","OPD","Normal",14.15
28,"2026-01-21 21:38:20","2026-01-21 21:46:20","OPD","Urgent",7.53
29,"2026-01-02 12:40:11","2026-01-02 12:52:11","ER","Normal",12.01
30,"2026-02-01 00:58:52","2026-02-01 01:12:52","ER","Critical",14.33
31,"2026-01-24 06:17:17","2026-01-24 06:43:17","OPD","Urgent",26.05
32,"2026-01-05 13:24:01","2026-01-05 13:44:01","OPD","Critical",20.37
33,"2026-02-09 06:59:20","2026-02-09 07:30:20","OPD","Urgent",31.43
34,"2026-01-28 15:51:57","2026-01-28 16:15:57","Radiology","Critical",24.11
35,"2026-01-06 03:54:02","2026-01-06 04:03:02","OPD","Normal",9.06
36,"2026-01-11 04:50:32","2026-01-11 05:19:32","OPD","Normal",28.87
37,"2026-01-22 00:56:30","2026-01-22 01:28:30","OPD","Urgent",32.05
38,"2026-01-31 02:50:03","2026-01-31 03:19:03","OPD","Normal",28.65
39,"2026-02-16 07:55:25","2026-02-16 08:12:25","Lab","Urgent",17.37
40,"2026-01-12 16:16:42","2026-01-12 16:36:42","Radiology","Urgent",20.49
41,"2026-01-13 21:39:18","2026-01-13 22:06:18","ER","Critical",27.48
42,"2026-03-01 13:09:39","2026-03-01 13:20:39","Radiology","Critical",10.53
43,"2026-01-01 00:07:52","2026-01-01 00:27:52","Lab","Critical",20.05
44,"2026-02-08 11:00:24","2026-02-08 11:08:24","Lab","Normal",8.21
45,"2026-02-20 20:43:22","2026-02-20 20:49:22","Lab","Normal",5.88
46,"2026-02-21 00:24:49","2026-02-21 00:43:49","Lab","Critical",18.61
47,"2026-02-28 23:20:47","2026-02-28 23:32:47","ER","Urgent",11.99
48,"2026-01-16 06:20:36","2026-01-16 06:29:36","Radiology","Critical",8.93
49,"2026-02-08 20:42:57","2026-02-08 20:48:57","OPD","Critical",6.36
50,"2026-02-03 15:44:53","2026-02-03 16:18:53","ER","Urgent",33.72
51,"2026-02-26 03:41:22","2026-02-26 04:08:22","Radiology","Critical",26.9
52,"2026-02-04 13:53:59","2026-02-04 14:23:59","OPD","Urgent",29.6
53,"2026-02-22 04:51:13","2026-02-22 05:01:13","ER","Urgent",9.79
54,"2026-02-14 10:59:41","2026-02-14 11:14:41","OPD","Normal",14.66
55,"2026-02-10 18:02:55","2026-02-10 18:22:55","OPD","Urgent",19.77
56,"2026-02-26 20:08:21","2026-02-26 20:37:21","ER","Urgent",29.14
57,"2026-02-24 21:52:19","2026-02-24 22:00:19","Radiology","Urgent",8.03
58,"2026-01-11 14:52:14","2026-01-11 15:09:14","Lab","Urgent",17.4
59,"2026-02-04 17:02:31","2026-02-04 17:24:31","ER","Critical",22.45
60,"2026-01-06 08:54:20","2026-01-06 09:01:20","ER","Urgent",7.45
61,"2026-02-20 18:16:17","2026-02-20 18:47:17","Radiology","Urgent",31.14
62,"2026-02-26 01:46:15","2026-02-26 01:58:15","OPD","Critical",12.17
63,"2026-01-02 15:27:23","2026-01-02 15:44:23","Radiology","Normal",17.48
64,"2026-02-11 22:10:26","2026-02-11 22:23:26","OPD","Normal",13.39
65,"2026-01-27 17:42:06","2026-01-27 17:54:06","Radiology","Critical",11.53
66,"2026-01-16 03:37:36","2026-01-16 04:11:36","ER","Critical",33.8
67,"2026-02-01 02:08:27","2026-02-01 02:31:27","OPD","Urgent",23.15
68,"2026-01-17 08:33:15","2026-01-17 09:01:15","Radiology","Urgent",27.59
69,"2026-02-02 00:41:25","2026-02-02 00:53:25","Lab","Urgent",12.34
70,"2026-01-01 23:56:45","2026-01-02 00:30:45","Lab","Normal",33.6
71,"2026-01-28 21:31:05","2026-01-28 21:41:05","OPD","Urgent",9.68
72,"2026-01-08 17:10:23","2026-01-08 17:23:23","Radiology","Critical",13.19
73,"2026-01-27 19:25:45","2026-01-27 19:30:45","Lab","Urgent",5.11
74,"2026-02-20 17:13:53","2026-02-20 17:21:53","Radiology","Urgent",8.01
75,"2026-02-14 16:39:25","2026-02-14 16:48:25","OPD","Normal",9.17
76,"2026-01-02 21:37:51","2026-01-02 21:57:51","OPD","Normal",20.35
77,"2026-02-01 22:13:06","2026-02-01 22:27:06","Radiology","Normal",14.18
78,"2026-02-26 12:51:48","2026-02-26 13:10:48","Lab","Critical",18.99
79,"2026-01-06 20:28:58","2026-01-06 20:37:58","OPD","Critical",8.66
80,"2026-01-09 07:42:39","2026-01-09 07:48:39","Radiology","Normal",6.21
81,"2026-02-10 01:46:33","2026-02-10 02:19:33","Lab","Urgent",32.77
82,"2026-02-21 08:35:30","2026-02-21 08:47:30","Lab","Urgent",12.26
83,"2026-01-30 19:11:07","2026-01-30 19:17:07","Lab","Critical",5.88
84,"2026-01-02 04:40:01","2026-01-02 05:00:01","OPD","Normal",20.13
85,"2026-02-05 22:47:09","2026-02-05 23:10:09","ER","Critical",23.14
86,"2026-02-23 21:35:49","2026-02-23 21:56:49","ER","Urgent",21.38
87,"2026-02-05 18:07:19","2026-02-05 18:23:19","Radiology","Normal",15.73
88,"2026-02-08 02:30:49","2026-02-08 02:47:49","ER","Critical",16.84
89,"2026-02-03 18:20:45","2026-02-03 18:36:45","ER","Urgent",15.65
90,"2026-02-04 17:03:12","2026-02-04 17:32:12","ER","Normal",28.69
91,"2026-02-20 19:18:32","2026-02-20 19:27:32","ER","Urgent",9.25
92,"2026-02-04 09:39:29","2026-02-04 10:03:29","OPD","Critical",23.61
93,"2026-01-05 20:44:42","2026-01-05 20:57:42","ER","Normal",13.12
94,"2026-01-22 21:15:33","2026-01-22 21:38:33","Radiology","Normal",23.2
95,"2026-02-02 19:34:46","2026-02-02 19:43:46","Radiology","Urgent",8.52
96,"2026-01-04 01:48:16","2026-01-04 01:57:16","OPD","Normal",8.68
97,"2026-01-17 17:04:05","2026-01-17 17:27:05","ER","Normal",22.93
98,"2026-01-23 20:12:10","2026-01-23 20:17:10","Radiology","Critical",5.05
99,"2026-01-02 03:04:51","2026-01-02 03:13:51","Lab","Urgent",8.74
100,"2026-02-06 20:21:10","2026-02-06 20:46:10","Lab","Normal",25.42
101,"2026-01-08 11:28:33","2026-01-08 11:43:33","OPD","Urgent",15.18
102,"2026-01-01 07:43:24","2026-01-01 07:55:24","ER","Critical",12.29
103,"2026-02-14 15:36:30","2026-02-14 16:08:30","OPD","Normal",32.45
104,"2026-02-19 00:09:00","2026-02-19 00:19:00","OPD","Urgent",10.3
105,"2026-02-22 11:11:01","2026-02-22 11:30:01","Lab","Critical",19.05
106,"2026-02-16 07:51:10","2026-02-16 08:05:10","ER","Critical",14.15
107,"2026-01-01 11:43:11","2026-01-01 12:08:11","OPD","Urgent",24.83
108,"2026-01-15 23:49:05","2026-01-16 00:24:05","ER","Critical",34.85
109,"2026-01-03 20:19:30","2026-01-03 20:48:30","Radiology","Normal",29.05
110,"2026-01-03 02:16:33","2026-01-03 02:33:33","Radiology","Critical",16.82
111,"2026-01-08 22:19:09","2026-01-08 22:31:09","Lab","Normal",11.7
112,"2026-01-31 07:11:26","2026-01-31 07:38:26","ER","Urgent",26.74
113,"2026-01-31 10:35:32","2026-01-31 10:53:32","Lab","Critical",18.14
114,"2026-01-08 02:41:50","2026-01-08 03:02:50","ER","Urgent",20.6
115,"2026-02-03 19:13:03","2026-02-03 19:43:03","Lab","Critical",30.2
116,"2026-02-07 13:08:03","2026-02-07 13:14:03","OPD","Urgent",6.05
117,"2026-01-01 20:30:04","2026-01-01 21:03:04","Lab","Critical",32.83
118,"2026-01-12 16:02:25","2026-01-12 16:18:25","OPD","Urgent",16.49
119,"2026-02-03 01:15:58","2026-02-03 01:27:58","OPD","Normal",11.81
120,"2026-01-12 23:03:16","2026-01-12 23:32:16","OPD","Normal",29.29
121,"2026-02-15 05:10:37","2026-02-15 05:24:37","OPD","Urgent",14.18
122,"2026-01-21 04:17:57","2026-01-21 04:34:57","Radiology","Urgent",16.85
123,"2026-01-19 23:22:53","2026-01-19 23:47:53","OPD","Urgent",24.61
124,"2026-01-14 15:39:57","2026-01-14 15:51:57","OPD","Urgent",11.77
125,"2026-01-26 23:30:32","2026-01-26 23:50:32","ER","Urgent",20.05
126,"2026-01-06 02:40:34","2026-01-06 03:09:34","Lab","Critical",28.93
127,"2026-01-09 21:41:35","2026-01-09 22:14:35","ER","Urgent",33.04
128,"2026-03-01 23:59:34","2026-03-02 00:34:34","Radiology","Normal",34.68
129,"2026-02-28 16:26:41","2026-02-28 16:49:41","ER","Urgent",23.01
130,"2026-01-30 01:12:50","2026-01-30 01:41:50","Lab","Urgent",29.25
131,"2026-02-20 20:23:07","2026-02-20 20:48:07","Radiology","Normal",25.02
132,"2026-01-29 05:53:46","2026-01-29 06:11:46","Radiology","Urgent",18.23
133,"2026-02-19 11:10:05","2026-02-19 11:21:05","Lab","Critical",11.02
134,"2026-02-08 17:04:45","2026-02-08 17:12:45","OPD","Critical",7.56
135,"2026-02-01 09:35:53","2026-02-01 09:41:53","Lab","Urgent",5.56
136,"2026-01-15 12:44:36","2026-01-15 13:05:36","Radiology","Normal",20.68
137,"2026-02-10 17:35:52","2026-02-10 18:04:52","Radiology","Critical",28.7
138,"2026-01-15 11:53:17","2026-01-15 12:17:17","OPD","Normal",23.57
139,"2026-02-22 12:15:17","2026-02-22 12:31:17","OPD","Critical",16.49
140,"2026-02-07 00:27:35","2026-02-07 00:38:35","ER","Critical",10.83
141,"2026-02-14 05:08:35","2026-02-14 05:32:35","Radiology","Normal",23.76
142,"2026-02-16 22:50:33","2026-02-16 23:19:33","Lab","Normal",28.8
143,"2026-02-13 02:28:39","2026-02-13 02:46:39","ER","Critical",18.4
144,"2026-01-02 07:35:00","2026-01-02 08:09:00","Lab","Normal",33.67
145,"2026-01-21 00:26:42","2026-01-21 00:49:42","Radiology","Normal",22.58
146,"2026-02-09 18:28:24","2026-02-09 18:52:24","ER","Critical",24.29
147,"2026-01-20 12:23:03","2026-01-20 12:29:03","ER","Urgent",5.74
148,"2026-02-22 15:27:18","2026-02-22 15:44:18","OPD","Urgent",16.85
149,"2026-02-06 02:01:54","2026-02-06 02:19:54","OPD","Urgent",17.92
150,"2026-01-13 21:05:14","2026-01-13 21:32:14","Radiology","Urgent",26.5
151,"2026-02-24 12:21:45","2026-02-24 12:53:45","Radiology","Urgent",32.23
152,"2026-01-16 12:20:14","2026-01-16 12:33:14","Lab","Critical",13.26
153,"2026-01-06 14:22:35","2026-01-06 14:55:35","OPD","Critical",32.86
154,"2026-01-04 19:48:01","2026-01-04 20:00:01","Radiology","Critical",11.79
155,"2026-01-19 11:03:02","2026-01-19 11:22:02","OPD","Urgent",18.79
156,"2026-01-23 02:36:34","2026-01-23 02:51:34","Lab","Critical",15.35
157,"2026-01-29 00:01:06","2026-01-29 00:10:06","OPD","Critical",9.11
158,"2026-01-14 10:55:41","2026-01-14 11:02:41","Lab","Critical",7.19
159,"2026-01-08 02:54:08","2026-01-08 03:25:08","ER","Urgent",31.33
160,"2026-02-02 14:21:46","2026-02-02 14:30:46","ER","Normal",8.98
161,"2026-02-14 11:25:36","2026-02-14 11:42:36","Radiology","Normal",17.05
162,"2026-01-15 19:58:01","2026-01-15 20:05:01","Lab","Normal",7.23
163,"2026-02-14 19:07:48","2026-02-14 19:41:48","Lab","Normal",33.53
164,"2026-01-05 00:16:49","2026-01-05 00:26:49","Lab","Normal",10.01
165,"2026-01-28 10:39:20","2026-01-28 10:52:20","Radiology","Critical",13.1
166,"2026-01-29 08:12:06","2026-01-29 08:21:06","ER","Urgent",8.52
167,"2026-02-28 06:07:23","2026-02-28 06:23:23","Radiology","Urgent",16.0
168,"2026-02-15 19:53:15","2026-02-15 20:07:15","ER","Critical",14.08
169,"2026-01-21 13:32:15","2026-01-21 13:40:15","Lab","Critical",8.26
170,"2026-02-11 08:29:49","2026-02-11 08:55:49","OPD","Critical",26.2
171,"2026-02-08 17:58:24","2026-02-08 18:21:24","ER","Urgent",23.1
172,"2026-02-11 04:39:34","2026-02-11 05:04:34","OPD","Urgent",25.37
173,"2026-01-11 22:21:00","2026-01-11 22:56:00","OPD","Critical",34.97
174,"2026-02-22 16:43:07","2026-02-22 17:08:07","Lab","Critical",24.72
175,"2026-01-30 12:09:52","2026-01-30 12:32:52","OPD","Urgent",22.68
176,"2026-02-02 10:12:23","2026-02-02 10:45:23","ER","Critical",32.85
177,"2026-02-01 19:30:37","2026-02-01 19:56:37","Radiology","Urgent",25.87
178,"2026-01-06 09:22:49","2026-01-06 09:39:49","Lab","Urgent",16.94
179,"2026-02-22 05:10:34","2026-02-22 05:19:34","ER","Normal",9.0
180,"2026-01-14 07:40:03","2026-01-14 07:59:03","Lab","Critical",19.31
181,"2026-02-09 02:44:24","2026-02-09 03:12:24","Radiology","Critical",28.26
182,"2026-02-07 06:50:02","2026-02-07 07:03:02","Lab","Normal",13.32
183,"2026-01-21 10:08:19","2026-01-21 10:24:19","Radiology","Normal",15.7
184,"2026-01-25 20:03:53","2026-01-25 20:33:53","ER","Urgent",30.49
185,"2026-01-25 13:03:44","2026-01-25 13:26:44","Lab","Normal",22.62
186,"2026-02-16 23:07:07","2026-02-16 23:29:07","OPD","Normal",22.05
187,"2026-01-21 07:41:16","2026-01-21 07:58:16","Radiology","Normal",17.04
188,"2026-02-15 20:23:43","2026-02-15 20:45:43","Lab","Critical",22.4
189,"2026-02-10 12:56:15","2026-02-10 13:15:15","OPD","Urgent",19.35
190,"2026-02-21 01:37:44","2026-02-21 01:45:44","Radiology","Critical",7.65
191,"2026-01-13 14:50:52","2026-01-13 15:11:52","ER","Urgent",20.81
192,"2026-01-12 16:52:12","2026-01-12 17:17:12","Lab","Urgent",24.5
193,"2026-02-21 23:47:27","2026-02-21 23:59:27","OPD","Normal",11.51
194,"2026-01-26 01:50:06","2026-01-26 02:18:06","Lab","Urgent",27.97
195,"2026-01-10 22:26:16","2026-01-10 22:34:16","Radiology","Urgent",7.8
196,"2026-02-26 11:33:45","2026-02-26 12:08:45","ER","Normal",34.88
197,"2026-01-29 12:30:05","2026-01-29 12:35:05","Lab","Critical",5.37
198,"2026-02-17 15:25:31","2026-02-17 15:47:31","OPD","Critical",21.5
199,"2026-02-21 06:20:03","2026-02-21 06:46:03","Radiology","Urgent",25.88
200,"2026-02-14 11:10:10","2026-02-14 11:21:10","Radiology","Urgent",11.28
201,"2026-03-01 06:07:45","2026-03-01 06:26:45","OPD","Urgent",18.86
202,"2026-02-12 21:39:51","2026-02-12 22:00:51","OPD","Normal",20.62
203,"2026-01-16 22:23:44","2026-01-16 22:32:44","Radiology","Critical",9.32
204,"2026-01-10 22:56:22","2026-01-10 23:09:22","Radiology","Urgent",13.01
205,"2026-01-25 06:13:33","2026-01-25 06:44:33","ER","Critical",31.19
206,"2026-01-15 13:24:50","2026-01-15 13:53:50","ER","Normal",28.84
207,"2026-01-29 16:41:08","2026-01-29 17:12:08","Radiology","Normal",30.88
208,"2026-01-24 04:42:31","2026-01-24 05:03:31","OPD","Urgent",20.59
209,"2026-02-21 23:33:34","2026-02-21 23:51:34","Lab","Critical",17.64
210,"2026-02-20 19:30:57","2026-02-20 19:47:57","Lab","Urgent",17.38
211,"2026-01-19 09:41:21","2026-01-19 09:58:21","ER","Urgent",17.27
212,"2026-02-06 14:40:19","2026-02-06 15:11:19","OPD","Normal",30.81
213,"2026-01-27 23:44:01","2026-01-28 00:17:01","OPD","Normal",32.96
214,"2026-02-21 16:12:07","2026-02-21 16:18:07","Lab","Normal",5.89
215,"2026-02-28 10:52:08","2026-02-28 11:17:08","OPD","Critical",25.11
216,"2026-01-24 15:42:18","2026-01-24 16:04:18","Lab","Urgent",21.84
217,"2026-01-19 18:30:04","2026-01-19 18:43:04","OPD","Normal",12.59
218,"2026-01-23 09:48:31","2026-01-23 10:01:31","ER","Critical",12.71
219,"2026-02-15 17:46:29","2026-02-15 18:11:29","ER","Critical",24.75
220,"2026-01-14 22:16:15","2026-01-14 22:21:15","OPD","Normal",5.38
221,"2026-02-22 07:11:55","2026-02-22 07:45:55","OPD","Urgent",34.28
222,"2026-01-11 17:15:08","2026-01-11 17:41:08","ER","Normal",26.3
223,"2026-02-10 06:27:25","2026-02-10 06:48:25","Lab","Urgent",20.8
224,"2026-02-14 01:19:01","2026-02-14 01:27:01","OPD","Urgent",8.46
225,"2026-01-30 00:43:00","2026-01-30 01:14:00","Radiology","Urgent",30.71
226,"2026-01-29 19:12:13","2026-01-29 19:35:13","Lab","Critical",23.36
227,"2026-01-28 00:52:49","2026-01-28 01:11:49","Radiology","Urgent",19.03
228,"2026-02-10 18:29:32","2026-02-10 18:58:32","ER","Normal",29.45
229,"2026-02-04 07:34:17","2026-02-04 07:59:17","Lab","Normal",24.54
230,"2026-01-08 19:12:21","2026-01-08 19:29:21","Lab","Normal",16.95
231,"2026-01-16 22:22:09","2026-01-16 22:54:09","Lab","Urgent",31.55
232,"2026-02-02 21:01:35","2026-02-02 21:14:35","Radiology","Normal",13.4
233,"2026-01-27 00:11:32","2026-01-27 00:26:32","OPD","Critical",15.39
234,"2026-01-18 18:53:06","2026-01-18 19:02:06","Lab","Urgent",8.83
235,"2026-02-04 06:02:28","2026-02-04 06:30:28","ER","Critical",27.89
236,"2026-02-17 14:25:07","2026-02-17 14:39:07","ER","Normal",14.23
237,"2026-02-22 16:17:15","2026-02-22 16:45:15","OPD","Normal",28.32
238,"2026-02-23 02:42:47","2026-02-23 03:06:47","Lab","Normal",24.24
239,"2026-01-31 19:22:42","2026-01-31 19:29:42","Radiology","Normal",6.99
240,"2026-01-25 19:05:41","2026-01-25 19:34:41","Lab","Critical",28.82
241,"2026-01-10 11:50:48","2026-01-10 12:24:48","OPD","Critical",34.44
242,"2026-02-17 20:47:52","2026-02-17 21:02:52","OPD","Critical",14.94
243,"2026-02-19 06:06:35","2026-02-19 06:15:35","ER","Normal",9.15
244,"2026-02-27 03:05:23","2026-02-27 03:27:23","ER","Urgent",22.35
245,"2026-01-06 12:52:57","2026-01-06 13:01:57","OPD","Normal",9.3
246,"2026-02-01 16:31:58","2026-02-01 16:46:58","ER","Urgent",14.96
247,"2026-02-10 19:16:54","2026-02-10 19:29:54","ER","Urgent",12.69
248,"2026-01-29 18:30:51","2026-01-29 18:37:51","Radiology","Urgent",7.22
249,"2026-01-24 12:33:50","2026-01-24 12:57:50","ER","Urgent",24.42
250,"2026-02-08 01:47:39","2026-02-08 01:54:39","Lab","Critical",7.46
251,"2026-02-24 05:46:45","2026-02-24 06:11:45","Lab","Critical",25.0
252,"2026-02-10 12:56:23","2026-02-10 13:03:23","ER","Critical",6.62
253,"2026-02-01 10:14:27","2026-02-01 10:33:27","Radiology","Urgent",19.05
254,"2026-02-25 16:29:58","2026-02-25 16:43:58","Lab","Urgent",13.9
255,"2026-02-25 05:51:21","2026-02-25 06:20:21","ER","Urgent",28.81
256,"2026-02-08 00:10:10","2026-02-08 00:21:10","ER","Critical",11.47
257,"2026-02-11 15:48:53","2026-02-11 16:15:53","Lab","Normal",27.0
258,"2026-02-20 10:48:04","2026-02-20 10:54:04","Lab","Urgent",6.47
259,"2026-01-10 23:50:13","2026-01-11 00:08:13","Lab","Normal",17.95
260,"2026-01-02 05:12:11","2026-01-02 05:20:11","OPD","Normal",8.1
261,"2026-01-28 21:54:22","2026-01-28 22:12:22","Lab","Urgent",17.83
262,"2026-02-25 12:23:38","2026-02-25 12:38:38","Radiology","Urgent",15.03
263,"2026-02-11 04:44:29","2026-02-11 04:49:29","Radiology","Normal",5.28
264,"2026-02-03 22:29:21","2026-02-03 22:37:21","Radiology","Normal",8.39
265,"2026-01-24 09:47:22","2026-01-24 10:21:22","Lab","Critical",33.66
266,"2026-01-01 00:14:37","2026-01-01 00:34:37","Lab","Critical",20.31
267,"2026-01-28 10:40:36","2026-01-28 11:04:36","Lab","Normal",23.65
268,"2026-02-22 18:25:31","2026-02-22 18:58:31","ER","Urgent",33.31
269,"2026-02-06 07:09:00","2026-02-06 07:24:00","Radiology","Normal",14.54
270,"2026-01-17 00:00:31","2026-01-17 00:22:31","ER","Normal",22.39
271,"2026-01-28 23:51:39","2026-01-28 23:58:39","Radiology","Normal",7.28
272,"2026-01-26 23:37:05","2026-01-26 23:46:05","OPD","Urgent",9.21
273,"2026-02-15 00:18:07","2026-02-15 00:52:07","Lab","Critical",34.29
274,"2026-01-15 14:34:32","2026-01-15 14:55:32","Radiology","Critical",21.04
275,"2026-02-14 06:59:37","2026-02-14 07:14:37","Lab","Urgent",15.48
276,"2026-01-29 18:12:06","2026-01-29 18:34:06","OPD","Normal",21.5
277,"2026-02-06 12:46:33","2026-02-06 13:01:33","Radiology","Normal",14.54
278,"2026-01-02 03:47:56","2026-01-02 04:07:56","OPD","Normal",20.34
279,"2026-01-19 04:14:57","2026-01-19 04:38:57","OPD","Urgent",24.06
280,"2026-01-21 21:50:04","2026-01-21 22:09:04","ER","Normal",18.58
281,"2026-03-01 17:03:05","2026-03-01 17:32:05","Radiology","Urgent",28.62
282,"2026-01-08 00:06:20","2026-01-08 00:23:20","Lab","Critical",17.04
283,"2026-01-26 23:04:53","2026-01-26 23:37:53","OPD","Normal",32.64
284,"2026-02-27 12:26:17","2026-02-27 12:45:17","OPD","Normal",18.91
285,"2026-02-15 20:43:31","2026-02-15 20:59:31","Lab","Urgent",16.05
286,"2026-02-02 05:17:30","2026-02-02 05:45:30","OPD","Critical",28.28
287,"2026-01-17 16:21:56","2026-01-17 16:36:56","Radiology","Critical",15.17
288,"2026-02-22 00:45:54","2026-02-22 01:04:54","Lab","Critical",18.95
289,"2026-02-25 16:49:05","2026-02-25 17:24:05","ER","Normal",34.51
290,"2026-01-11 18:41:52","2026-01-11 19:09:52","ER","Normal",27.51
291,"2026-01-26 11:09:59","2026-01-26 11:35:59","ER","Normal",25.54
292,"2026-01-02 11:33:11","2026-01-02 11:39:11","ER","Urgent",6.17
293,"2026-01-06 10:19:18","2026-01-06 10:53:18","Lab","Critical",34.37
294,"2026-01-03 12:32:30","2026-01-03 12:57:30","ER","Normal",24.85
295,"2026-01-06 09:49:32","2026-01-06 10:14:32","ER","Urgent",25.04
296,"2026-02-01 02:17:18","2026-02-01 02:39:18","ER","Urgent",21.63
297,"2026-01-28 13:07:35","2026-01-28 13:13:35","Radiology","Normal",5.88
298,"2026-01-30 21:03:21","2026-01-30 21:14:21","Lab","Critical",11.15
299,"2026-02-06 14:58:00","2026-02-06 15:31:00","Radiology","Critical",32.89
300,"2026-01-02 20:03:26","2026-01-02 20:16:26","ER","Urgent",12.92
301,"2026-01-04 03:25:39","2026-01-04 03:37:39","Radiology","Critical",11.61
302,"2026-01-30 07:01:39","2026-01-30 07:13:39","Radiology","Critical",12.4
303,"2026-01-13 20:48:36","2026-01-13 21:16:36","ER","Urgent",27.79
304,"2026-01-01 16:39:43","2026-01-01 17:01:43","Radiology","Urgent",22.17
305,"2026-02-05 21:26:34","2026-02-05 21:53:34","Radiology","Urgent",27.34
306,"2026-01-16 05:17:51","2026-01-16 05:23:51","OPD","Critical",6.36
307,"2026-02-03 08:16:35","2026-02-03 08:27:35","OPD","Critical",11.24
308,"2026-01-05 09:46:12","2026-01-05 10:11:12","ER","Critical",24.59
309,"2026-01-11 16:43:11","2026-01-11 16:51:11","Radiology","Urgent",8.15
310,"2026-01-12 23:33:57","2026-01-12 23:41:57","Radiology","Critical",7.92
311,"2026-01-04 08:51:10","2026-01-04 09:22:10","ER","Normal",30.51
312,"2026-01-05 23:44:36","2026-01-06 00:13:36","Radiology","Normal",29.46
313,"2026-02-28 10:56:36","2026-02-28 11:25:36","ER","Normal",28.92
314,"2026-01-27 06:24:36","2026-01-27 06:41:36","Lab","Urgent",17.36
315,"2026-01-15 16:16:05","2026-01-15 16:43:05","Radiology","Urgent",26.98
316,"2026-01-27 20:45:16","2026-01-27 21:17:16","ER","Critical",31.94
317,"2026-02-15 17:08:27","2026-02-15 17:34:27","ER","Normal",25.64
318,"2026-01-04 22:16:52","2026-01-04 22:27:52","Radiology","Urgent",11.34
319,"2026-02-14 14:04:05","2026-02-14 14:31:05","OPD","Normal",26.67
320,"2026-02-04 20:36:21","2026-02-04 21:01:21","Lab","Normal",25.03
321,"2026-01-06 00:17:40","2026-01-06 00:37:40","ER","Urgent",19.88
322,"2026-02-05 16:00:14","2026-02-05 16:05:14","ER","Critical",5.11
323,"2026-01-08 17:31:29","2026-01-08 17:40:29","OPD","Critical",9.28
324,"2026-01-03 10:44:44","2026-01-03 11:07:44","Radiology","Urgent",22.76
325,"2026-02-03 10:15:15","2026-02-03 10:36:15","ER","Urgent",21.28
326,"2026-02-17 06:49:11","2026-02-17 07:00:11","Lab","Urgent",10.75
327,"2026-01-11 20:38:26","2026-01-11 21:05:26","ER","Critical",26.85
328,"2026-01-15 23:19:36","2026-01-15 23:34:36","Radiology","Critical",14.6
329,"2026-02-25 17:12:42","2026-02-25 17:40:42","Radiology","Urgent",27.61
330,"2026-01-19 06:10:13","2026-01-19 06:32:13","Radiology","Normal",22.13
331,"2026-01-10 02:21:32","2026-01-10 02:49:32","OPD","Normal",28.17
332,"2026-01-22 21:19:58","2026-01-22 21:44:58","OPD","Critical",25.19
333,"2026-02-20 22:06:21","2026-02-20 22:18:21","Lab","Normal",12.44
334,"2026-02-02 22:22:39","2026-02-02 22:44:39","ER","Critical",21.97
335,"2026-02-01 04:56:38","2026-02-01 05:30:38","ER","Critical",33.82
336,"2026-02-26 03:14:54","2026-02-26 03:39:54","Lab","Normal",25.38
337,"2026-02-16 17:48:10","2026-02-16 17:58:10","OPD","Normal",10.0
338,"2026-01-26 11:14:28","2026-01-26 11:24:28","Lab","Urgent",10.21
339,"2026-01-30 13:43:39","2026-01-30 13:51:39","ER","Normal",7.91
340,"2026-02-10 06:01:54","2026-02-10 06:10:54","Lab","Critical",9.25
341,"2026-01-11 21:00:39","2026-01-11 21:27:39","ER","Normal",27.36
342,"2026-02-19 22:13:14","2026-02-19 22:22:14","ER","Urgent",8.99
343,"2026-02-13 15:48:38","2026-02-13 16:02:38","OPD","Urgent",13.91
344,"2026-01-11 23:13:03","2026-01-11 23:20:03","Radiology","Urgent",6.84
345,"2026-02-15 10:57:23","2026-02-15 11:31:23","Lab","Normal",34.07
346,"2026-01-04 05:28:56","2026-01-04 05:45:56","Radiology","Critical",17.2
347,"2026-01-06 08:58:49","2026-01-06 09:04:49","Radiology","Critical",5.72
348,"2026-01-22 20:12:48","2026-01-22 20:25:48","OPD","Urgent",13.1
349,"2026-02-06 13:47:51","2026-02-06 14:11:51","OPD","Urgent",23.58
350,"2026-02-05 23:17:31","2026-02-05 23:39:31","Radiology","Critical",21.68
351,"2026-01-16 07:35:35","2026-01-16 07:57:35","ER","Urgent",21.69
352,"2026-03-01 21:47:02","2026-03-01 22:15:02","Radiology","Normal",27.96
353,"2026-02-17 16:53:37","2026-02-17 17:10:37","Lab","Normal",17.1
354,"2026-02-19 22:02:17","2026-02-19 22:17:17","ER","Normal",14.75
355,"2026-02-27 22:41:31","2026-02-27 23:11:31","ER","Urgent",29.51
356,"2026-02-21 22:19:06","2026-02-21 22:50:06","Radiology","Critical",31.14
357,"2026-02-08 09:09:36","2026-02-08 09:33:36","OPD","Urgent",24.43
358,"2026-01-19 14:11:35","2026-01-19 14:34:35","ER","Critical",22.66
359,"2026-01-28 22:16:20","2026-01-28 22:34:20","Lab","Urgent",17.72
360,"2026-02-03 09:45:43","2026-02-03 10:12:43","ER","Critical",27.43
361,"2026-01-17 08:23:20","2026-01-17 08:30:20","Lab","Urgent",7.32
362,"2026-01-22 22:40:49","2026-01-22 23:15:49","Radiology","Critical",34.53
363,"2026-01-23 19:51:53","2026-01-23 20:08:53","Radiology","Normal",16.68
364,"2026-02-22 08:31:51","2026-02-22 09:00:51","OPD","Critical",28.71
365,"2026-01-29 21:03:31","2026-01-29 21:24:31","ER","Critical",20.53
366,"2026-01-25 04:08:10","2026-01-25 04:28:10","OPD","Critical",20.41
367,"2026-01-13 01:02:01","2026-01-13 01:14:01","Lab","Critical",12.09
368,"2026-01-13 19:32:59","2026-01-13 19:52:59","Radiology","Normal",19.87
369,"2026-03-01 21:51:39","2026-03-01 22:23:39","OPD","Urgent",31.56
370,"2026-01-12 10:47:16","2026-01-12 11:06:16","Radiology","Urgent",18.95
371,"2026-02-04 09:31:53","2026-02-04 09:59:53","ER","Critical",28.06
372,"2026-01-11 19:28:29","2026-01-11 20:02:29","OPD","Urgent",34.14
373,"2026-01-23 03:48:19","2026-01-23 04:19:19","ER","Critical",30.72
374,"2026-01-05 15:49:40","2026-01-05 16:07:40","Radiology","Critical",17.58
375,"2026-02-13 08:45:24","2026-02-13 09:03:24","Radiology","Urgent",17.73
376,"2026-02-06 17:32:39","2026-02-06 17:54:39","ER","Urgent",22.32
377,"2026-01-27 04:26:17","2026-01-27 04:50:17","Radiology","Critical",23.92
378,"2026-01-07 05:10:45","2026-01-07 05:31:45","OPD","Critical",21.11
379,"2026-01-12 00:58:50","2026-01-12 01:07:50","ER","Critical",9.06
380,"2026-02-13 12:50:44","2026-02-13 13:24:44","Lab","Urgent",34.01
381,"2026-02-28 06:41:31","2026-02-28 07:07:31","Lab","Urgent",25.68
382,"2026-01-24 06:55:16","2026-01-24 07:04:16","Lab","Urgent",9.44
383,"2026-01-28 07:57:33","2026-01-28 08:31:33","OPD","Urgent",34.01
384,"2026-02-18 09:27:44","2026-02-18 09:53:44","ER","Urgent",26.15
385,"2026-02-15 08:54:13","2026-02-15 09:15:13","OPD","Urgent",21.09
386,"2026-01-03 07:30:51","2026-01-03 08:00:51","ER","Urgent",29.79
387,"2026-02-28 08:14:44","2026-02-28 08:20:44","OPD","Urgent",6.45
388,"2026-01-25 11:34:45","2026-01-25 11:57:45","Radiology","Urgent",23.36
389,"2026-01-12 15:47:12","2026-01-12 16:21:12","ER","Critical",33.55
390,"2026-02-05 12:57:05","2026-02-05 13:29:05","Lab","Normal",31.69
391,"2026-01-26 19:39:56","2026-01-26 19:47:56","ER","Urgent",7.53
392,"2026-02-07 08:17:36","2026-02-07 08:49:36","Lab","Urgent",32.07
393,"2026-02-08 03:42:01","2026-02-08 04:06:01","OPD","Urgent",24.16
394,"2026-02-11 21:32:22","2026-02-11 22:06:22","Lab","Urgent",33.77
395,"2026-01-01 08:21:04","2026-01-01 08:31:04","Radiology","Urgent",9.99
396,"2026-01-26 15:46:29","2026-01-26 16:03:29","Radiology","Normal",17.45
397,"2026-01-13 06:20:08","2026-01-13 06:51:08","Radiology","Critical",31.2
398,"2026-01-29 07:22:38","2026-01-29 07:55:38","ER","Critical",32.6
399,"2026-01-17 01:13:37","2026-01-17 01:43:37","OPD","Urgent",30.33
400,"2026-02-02 15:20:33","2026-02-02 15:26:33","Lab","Normal",6.21
401,"2026-02-25 03:07:25","2026-02-25 03:25:25","OPD","Urgent",17.55
402,"2026-01-06 20:44:57","2026-01-06 20:56:57","Radiology","Urgent",11.81
403,"2026-01-06 23:57:36","2026-01-07 00:30:36","OPD","Normal",32.78
404,"2026-01-23 09:39:50","2026-01-23 09:51:50","ER","Normal",12.46
405,"2026-02-28 06:01:51","2026-02-28 06:14:51","OPD","Normal",12.53
406,"2026-02-15 13:52:09","2026-02-15 14:25:09","OPD","Normal",32.81
407,"2026-02-24 20:42:12","2026-02-24 21:05:12","ER","Critical",22.51
408,"2026-01-07 01:50:31","2026-01-07 01:59:31","OPD","Urgent",8.9
409,"2026-02-10 10:50:54","2026-02-10 11:05:54","Lab","Urgent",15.28
410,"2026-01-03 19:52:02","2026-01-03 20:26:02","Lab","Urgent",33.95
411,"2026-02-03 07:46:36","2026-02-03 07:57:36","OPD","Urgent",11.42
412,"2026-02-11 02:12:37","2026-02-11 02:26:37","OPD","Critical",13.57
413,"2026-02-25 08:17:51","2026-02-25 08:40:51","ER","Critical",22.62
414,"2026-02-25 03:03:39","2026-02-25 03:18:39","Radiology","Urgent",15.13
415,"2026-01-26 17:47:04","2026-01-26 17:58:04","Radiology","Critical",11.33
416,"2026-02-13 20:10:11","2026-02-13 20:16:11","Radiology","Normal",5.98
417,"2026-02-22 05:41:59","2026-02-22 05:49:59","Radiology","Normal",7.5
418,"2026-01-27 09:20:29","2026-01-27 09:52:29","ER","Normal",31.64
419,"2026-01-21 06:29:17","2026-01-21 07:00:17","OPD","Critical",31.07
420,"2026-01-16 04:47:08","2026-01-16 04:56:08","Radiology","Normal",8.55
421,"2026-02-01 11:56:05","2026-02-01 12:07:05","OPD","Normal",11.37
422,"2026-02-02 10:00:20","2026-02-02 10:14:20","Radiology","Urgent",13.99
423,"2026-02-17 17:14:31","2026-02-17 17:35:31","ER","Urgent",20.64
424,"2026-01-02 15:36:37","2026-01-02 15:57:37","Lab","Critical",20.74
425,"2026-01-01 21:44:45","2026-01-01 22:10:45","OPD","Critical",25.83
426,"2026-02-27 02:25:37","2026-02-27 02:49:37","OPD","Urgent",23.64
427,"2026-01-13 07:06:56","2026-01-13 07:37:56","Lab","Urgent",30.5
428,"2026-01-13 12:05:05","2026-01-13 12:15:05","OPD","Normal",10.25
429,"2026-02-22 16:47:33","2026-02-22 16:58:33","OPD","Urgent",11.43
430,"2026-01-24 05:00:48","2026-01-24 05:14:48","OPD","Critical",14.49
431,"2026-02-01 23:25:27","2026-02-01 23:36:27","OPD","Critical",10.57
432,"2026-01-28 20:29:33","2026-01-28 20:35:33","Radiology","Critical",6.49
433,"2026-01-04 19:36:27","2026-01-04 20:09:27","Lab","Normal",33.24
434,"2026-01-14 01:31:26","2026-01-14 02:01:26","OPD","Critical",29.91
435,"2026-02-01 14:33:43","2026-02-01 14:57:43","Lab","Normal",23.57
436,"2026-01-03 23:18:52","2026-01-03 23:26:52","OPD","Critical",7.71
437,"2026-01-20 01:23:04","2026-01-20 01:54:04","OPD","Normal",30.55
438,"2026-02-26 02:29:06","2026-02-26 02:57:06","ER","Normal",27.96
439,"2026-03-01 20:13:01","2026-03-01 20:34:01","Radiology","Critical",21.48
440,"2026-01-22 13:13:34","2026-01-22 13:31:34","ER","Normal",17.67
441,"2026-01-25 19:01:29","2026-01-25 19:17:29","Lab","Urgent",15.71
442,"2026-02-08 06:09:57","2026-02-08 06:21:57","ER","Urgent",11.73
443,"2026-01-14 21:56:08","2026-01-14 22:02:08","Lab","Urgent",6.33
444,"2026-02-23 16:31:20","2026-02-23 17:06:20","OPD","Urgent",34.74
445,"2026-01-09 02:24:06","2026-01-09 02:44:06","ER","Critical",20.07
446,"2026-02-19 13:30:44","2026-02-19 13:36:44","Lab","Urgent",6.24
447,"2026-01-25 00:12:28","2026-01-25 00:31:28","ER","Normal",18.5
448,"2026-01-21 08:48:04","2026-01-21 08:53:04","ER","Critical",5.13
449,"2026-01-02 02:01:58","2026-01-02 02:08:58","OPD","Critical",7.18
450,"2026-02-12 08:23:55","2026-02-12 08:44:55","Lab","Urgent",21.49
451,"2026-02-08 04:08:53","2026-02-08 04:33:53","OPD","Critical",24.91
452,"2026-01-03 22:29:46","2026-01-03 22:36:46","ER","Critical",7.37
453,"2026-01-16 12:14:36","2026-01-16 12:28:36","Lab","Urgent",13.77
454,"2026-02-12 01:16:56","2026-02-12 01:46:56","ER","Critical",30.49
455,"2026-01-29 00:06:29","2026-01-29 00:35:29","Lab","Urgent",28.72
456,"2026-01-20 05:13:11","2026-01-20 05:30:11","ER","Critical",17.38
457,"2026-01-04 05:41:15","2026-01-04 06:00:15","ER","Critical",18.62
458,"2026-02-03 16:01:35","2026-02-03 16:14:35","Lab","Urgent",13.25
459,"2026-01-06 20:24:56","2026-01-06 20:47:56","Lab","Urgent",22.5
460,"2026-03-01 16:29:12","2026-03-01 17:00:12","OPD","Normal",30.57
461,"2026-01-19 17:16:12","2026-01-19 17:23:12","OPD","Normal",7.22
462,"2026-01-27 04:15:03","2026-01-27 04:30:03","OPD","Normal",15.16
463,"2026-01-23 11:11:26","2026-01-23 11:21:26","Lab","Normal",9.68
464,"2026-01-06 14:04:12","2026-01-06 14:10:12","Radiology","Critical",5.87
465,"2026-02-06 07:37:41","2026-02-06 07:51:41","Lab","Urgent",14.17
466,"2026-01-05 12:45:42","2026-01-05 13:04:42","ER","Normal",18.54
467,"2026-02-22 15:25:04","2026-02-22 15:30:04","OPD","Critical",5.23
468,"2026-02-19 06:40:31","2026-02-19 06:47:31","Radiology","Urgent",7.48
469,"2026-02-08 08:51:58","2026-02-08 09:17:58","Lab","Normal",26.17
470,"2026-02-19 04:24:20","2026-02-19 04:38:20","ER","Urgent",14.31
471,"2026-01-23 01:02:45","2026-01-23 01:15:45","ER","Critical",12.54
472,"2026-02-07 01:53:37","2026-02-07 01:59:37","OPD","Urgent",6.26
473,"2026-01-13 12:49:06","2026-01-13 12:56:06","Radiology","Urgent",7.33
474,"2026-02-05 19:20:15","2026-02-05 19:33:15","OPD","Urgent",12.63
475,"2026-02-16 02:29:29","2026-02-16 03:01:29","OPD","Urgent",32.45
476,"2026-01-14 08:17:53","2026-01-14 08:31:53","Radiology","Critical",13.76
477,"2026-01-04 04:29:54","2026-01-04 04:34:54","Radiology","Urgent",5.22
478,"2026-01-13 06:51:10","2026-01-13 07:24:10","Radiology","Critical",32.61
479,"2026-02-25 18:11:07","2026-02-25 18:19:07","Radiology","Urgent",8.31
480,"2026-01-10 18:29:48","2026-01-10 18:44:48","ER","Critical",15.21
481,"2026-02-04 23:26:44","2026-02-04 23:54:44","ER","Urgent",28.44
482,"2026-02-15 15:36:46","2026-02-15 15:55:46","ER","Normal",18.88
483,"2026-02-15 00:08:52","2026-02-15 00:26:52","Radiology","Urgent",18.31
484,"2026-02-09 10:07:41","2026-02-09 10:34:41","Radiology","Urgent",27.41
485,"2026-02-06 06:00:39","2026-02-06 06:13:39","Lab","Critical",13.49
486,"2026-01-01 17:21:16","2026-01-01 17:43:16","Radiology","Critical",22.05
487,"2026-01-12 17:42:40","2026-01-12 17:47:40","OPD","Critical",5.33
488,"2026-01-08 13:13:23","2026-01-08 13:39:23","ER","Normal",26.36
489,"2026-01-20 04:55:51","2026-01-20 05:08:51","OPD","Urgent",13.44
490,"2026-02-05 20:15:48","2026-02-05 20:45:48","OPD","Critical",29.76
491,"2026-02-28 23:00:22","2026-02-28 23:15:22","Lab","Critical",14.64
492,"2026-02-09 09:47:59","2026-02-09 10:01:59","Lab","Normal",14.17
493,"2026-02-11 09:51:41","2026-02-11 10:21:41","ER","Normal",29.97
494,"2026-02-01 20:43:02","2026-02-01 21:11:02","OPD","Critical",28.15
495,"2026-01-15 19:19:49","2026-01-15 19:30:49","OPD","Normal",11.29
496,"2026-02-07 08:14:13","2026-02-07 08:31:13","ER","Critical",16.55
497,"2026-01-30 11:33:24","2026-01-30 11:40:24","Radiology","Normal",6.75
498,"2026-01-08 08:44:51","2026-01-08 09:15:51","Radiology","Critical",31.02
499,"2026-01-19 00:19:22","2026-01-19 00:47:22","Radiology","Urgent",28.32
500,"2026-01-03 02:14:06","2026-01-03 02:30:06","Radiology","Normal",16.35
501,"2026-02-08 20:31:04","2026-02-08 21:01:04","ER","Urgent",29.96
502,"2026-01-18 16:38:50","2026-01-18 17:04:50","Lab","Critical",26.21
503,"2026-02-11 16:07:19","2026-02-11 16:15:19","OPD","Urgent",7.58
504,"2026-01-21 05:24:38","2026-01-21 05:37:38","OPD","Urgent",12.77
505,"2026-01-22 22:00:23","2026-01-22 22:32:23","OPD","Critical",31.87
506,"2026-03-01 05:58:39","2026-03-01 06:11:39","OPD","Normal",12.67
507,"2026-01-08 03:49:46","2026-01-08 03:59:46","OPD","Urgent",9.68
508,"2026-02-26 13:19:26","2026-02-26 13:48:26","ER","Critical",28.64
509,"2026-02-08 11:59:21","2026-02-08 12:23:21","ER","Critical",23.66
510,"2026-02-14 09:05:58","2026-02-14 09:26:58","OPD","Urgent",20.65
511,"2026-02-13 14:01:43","2026-02-13 14:21:43","OPD","Critical",19.9
512,"2026-01-15 18:48:43","2026-01-15 18:57:43","Radiology","Critical",9.09
513,"2026-02-10 12:12:12","2026-02-10 12:31:12","OPD","Urgent",19.27
514,"2026-02-06 22:01:37","2026-02-06 22:08:37","Lab","Urgent",7.2
515,"2026-01-22 14:50:28","2026-01-22 15:14:28","ER","Normal",24.43
516,"2026-02-14 18:22:01","2026-02-14 18:33:01","Radiology","Critical",10.99
517,"2026-02-13 09:46:34","2026-02-13 09:51:34","Radiology","Urgent",5.46
518,"2026-02-12 17:31:20","2026-02-12 17:39:20","OPD","Urgent",8.06
519,"2026-02-10 10:15:37","2026-02-10 10:41:37","OPD","Critical",25.81
520,"2026-01-26 12:00:27","2026-01-26 12:25:27","ER","Critical",24.97
521,"2026-01-12 23:31:41","2026-01-12 23:41:41","OPD","Normal",10.44
522,"2026-01-04 17:35:45","2026-01-04 17:50:45","OPD","Critical",14.56
523,"2026-01-11 01:35:44","2026-01-11 01:58:44","Lab","Normal",23.18
524,"2026-01-31 10:07:03","2026-01-31 10:14:03","Radiology","Critical",7.46
525,"2026-01-20 05:03:52","2026-01-20 05:08:52","ER","Urgent",5.28
526,"2026-02-15 05:39:36","2026-02-15 06:01:36","Lab","Critical",21.87
527,"2026-02-09 19:12:24","2026-02-09 19:21:24","Lab","Normal",8.86
528,"2026-01-28 09:28:40","2026-01-28 09:52:40","Radiology","Critical",23.95
529,"2026-02-22 15:12:22","2026-02-22 15:24:22","Lab","Critical",12.2
530,"2026-02-24 08:02:44","2026-02-24 08:12:44","ER","Normal",9.84
531,"2026-02-03 15:58:26","2026-02-03 16:30:26","Radiology","Urgent",32.2
532,"2026-01-07 03:23:50","2026-01-07 03:56:50","OPD","Normal",32.61
533,"2026-02-09 15:26:01","2026-02-09 15:36:01","Radiology","Critical",10.35
534,"2026-01-21 02:35:36","2026-01-21 02:59:36","ER","Normal",24.12
535,"2026-01-26 23:26:36","2026-01-26 23:36:36","Lab","Urgent",10.35
536,"2026-01-22 07:04:33","2026-01-22 07:24:33","OPD","Urgent",19.87
537,"2026-02-10 00:09:19","2026-02-10 00:32:19","Radiology","Normal",22.67
538,"2026-02-27 08:09:50","2026-02-27 08:41:50","Lab","Urgent",32.11
539,"2026-02-17 03:41:46","2026-02-17 03:55:46","ER","Urgent",13.53
540,"2026-01-10 06:34:12","2026-01-10 06:50:12","OPD","Normal",15.91
541,"2026-01-22 10:09:38","2026-01-22 10:36:38","Lab","Normal",26.95
542,"2026-02-27 00:57:49","2026-02-27 01:18:49","Radiology","Critical",20.76
543,"2026-01-10 11:33:47","2026-01-10 12:05:47","ER","Urgent",32.04
544,"2026-01-13 00:08:51","2026-01-13 00:32:51","Lab","Normal",23.64
545,"2026-02-20 01:59:17","2026-02-20 02:09:17","OPD","Normal",9.8
546,"2026-01-06 22:02:30","2026-01-06 22:22:30","ER","Urgent",20.07
547,"2026-01-14 07:16:40","2026-01-14 07:33:40","OPD","Critical",16.59
548,"2026-01-04 14:55:39","2026-01-04 15:24:39","Radiology","Urgent",28.6
549,"2026-02-14 18:41:29","2026-02-14 19:02:29","OPD","Urgent",20.9
550,"2026-01-06 18:03:57","2026-01-06 18:10:57","ER","Urgent",7.45
551,"2026-01-27 02:38:51","2026-01-27 02:46:51","ER","Urgent",7.91
552,"2026-01-30 20:47:34","2026-01-30 21:12:34","Radiology","Critical",25.0
553,"2026-01-30 05:29:00","2026-01-30 05:59:00","Lab","Normal",29.92
554,"2026-02-16 04:35:07","2026-02-16 05:08:07","OPD","Critical",33.23
555,"2026-02-06 00:40:14","2026-02-06 01:01:14","Radiology","Urgent",20.86
556,"2026-02-06 02:41:07","2026-02-06 02:50:07","Radiology","Normal",8.96
557,"2026-02-18 02:45:46","2026-02-18 03:02:46","Lab","Urgent",16.76
558,"2026-01-19 10:12:08","2026-01-19 10:40:08","Radiology","Normal",27.62
559,"2026-01-23 11:36:03","2026-01-23 12:09:03","OPD","Urgent",32.6
560,"2026-02-09 08:45:43","2026-02-09 09:03:43","ER","Urgent",17.94
561,"2026-02-11 01:44:48","2026-02-11 02:03:48","OPD","Critical",19.16
562,"2026-02-09 09:24:15","2026-02-09 09:57:15","Lab","Normal",33.13
563,"2026-02-14 12:14:05","2026-02-14 12:30:05","Lab","Critical",16.13
564,"2026-01-17 02:47:13","2026-01-17 03:00:13","OPD","Urgent",12.51
565,"2026-01-03 12:58:38","2026-01-03 13:27:38","Radiology","Urgent",28.55
566,"2026-02-16 01:29:25","2026-02-16 02:02:25","OPD","Critical",33.28
567,"2026-02-23 12:02:03","2026-02-23 12:31:03","ER","Normal",28.53
568,"2026-02-09 23:03:19","2026-02-09 23:29:19","OPD","Critical",25.58
569,"2026-01-13 21:15:57","2026-01-13 21:43:57","ER","Urgent",28.02
570,"2026-02-13 02:43:48","2026-02-13 03:06:48","Radiology","Normal",23.47
571,"2026-01-05 05:52:34","2026-01-05 05:58:34","ER","Critical",6.49
572,"2026-01-04 18:27:37","2026-01-04 18:38:37","Radiology","Normal",11.3
573,"2026-02-18 23:57:02","2026-02-19 00:03:02","Radiology","Urgent",6.24
574,"2026-01-01 23:50:00","2026-01-01 23:58:00","Lab","Critical",8.35
575,"2026-02-01 18:53:18","2026-02-01 18:58:18","OPD","Urgent",5.42
576,"2026-01-23 12:16:57","2026-01-23 12:45:57","Radiology","Urgent",28.54
577,"2026-02-16 19:00:46","2026-02-16 19:35:46","Lab","Critical",34.87
578,"2026-01-07 06:31:31","2026-01-07 07:03:31","ER","Urgent",32.34
579,"2026-02-11 02:10:07","2026-02-11 02:44:07","Radiology","Critical",34.25
580,"2026-01-26 23:17:48","2026-01-26 23:41:48","Radiology","Critical",23.81
581,"2026-03-01 15:10:03","2026-03-01 15:17:03","OPD","Urgent",7.03
582,"2026-02-20 03:29:35","2026-02-20 03:47:35","Lab","Critical",18.05
583,"2026-01-10 17:33:20","2026-01-10 17:59:20","ER","Critical",26.36
584,"2026-02-26 02:40:55","2026-02-26 03:14:55","ER","Urgent",34.48
585,"2026-02-08 01:56:31","2026-02-08 02:13:31","ER","Critical",16.95
586,"2026-02-26 16:53:41","2026-02-26 16:58:41","ER","Normal",5.04
587,"2026-02-14 21:38:18","2026-02-14 21:49:18","Lab","Normal",10.54
588,"2026-01-09 05:31:33","2026-01-09 05:42:33","Lab","Normal",10.52
589,"2026-01-26 22:44:03","2026-01-26 22:55:03","Lab","Urgent",10.61
590,"2026-01-14 06:14:47","2026-01-14 06:26:47","OPD","Urgent",11.75
591,"2026-02-16 13:06:35","2026-02-16 13:40:35","Lab","Normal",34.49
592,"2026-01-12 06:44:20","2026-01-12 07:18:20","OPD","Urgent",34.07
593,"2026-02-09 01:34:12","2026-02-09 02:02:12","Radiology","Normal",27.76
594,"2026-01-06 16:42:01","2026-01-06 17:08:01","ER","Critical",26.19
595,"2026-02-19 09:04:06","2026-02-19 09:32:06","OPD","Normal",28.34
596,"2026-02-05 05:43:51","2026-02-05 06:07:51","OPD","Normal",23.81
597,"2026-02-17 07:11:48","2026-02-17 07:46:48","Lab","Critical",34.95
598,"2026-02-19 12:18:19","2026-02-19 12:44:19","ER","Critical",26.05
599,"2026-01-12 13:52:01","2026-01-12 14:21:01","OPD","Urgent",28.71
600,"2026-01-21 15:42:12","2026-01-21 15:54:12","ER","Critical",12.31
601,"2026-01-27 15:04:05","2026-01-27 15:28:05","Radiology","Normal",23.51
602,"2026-01-21 08:26:53","2026-01-21 08:59:53","Lab","Urgent",33.04
603,"2026-01-24 21:13:06","2026-01-24 21:35:06","Lab","Urgent",22.16
604,"2026-01-04 17:37:47","2026-01-04 17:56:47","ER","Urgent",19.28
605,"2026-01-07 08:21:49","2026-01-07 08:54:49","OPD","Urgent",32.55
606,"2026-01-16 00:42:43","2026-01-16 00:59:43","OPD","Critical",17.28
607,"2026-01-21 22:50:23","2026-01-21 22:55:23","Radiology","Normal",5.17
608,"2026-01-30 00:22:56","2026-01-30 00:50:56","OPD","Urgent",27.9
609,"2026-02-05 09:08:16","2026-02-05 09:23:16","Radiology","Urgent",15.11
610,"2026-01-06 07:23:28","2026-01-06 07:50:28","OPD","Normal",27.24
611,"2026-02-04 18:58:53","2026-02-04 19:32:53","ER","Urgent",33.73
612,"2026-02-13 07:57:48","2026-02-13 08:17:48","OPD","Normal",19.66
613,"2026-02-14 17:56:27","2026-02-14 18:31:27","Lab","Urgent",34.54
614,"2026-01-19 12:46:02","2026-01-19 12:55:02","Lab","Critical",8.76
615,"2026-02-01 21:57:28","2026-02-01 22:10:28","Radiology","Critical",13.38
616,"2026-01-26 17:27:47","2026-01-26 17:51:47","Radiology","Normal",24.36
617,"2026-03-01 11:18:29","2026-03-01 11:43:29","OPD","Normal",25.1
618,"2026-01-15 16:09:08","2026-01-15 16:32:08","OPD","Urgent",22.92
619,"2026-02-05 16:17:47","2026-02-05 16:39:47","ER","Urgent",21.86
620,"2026-01-10 09:22:33","2026-01-10 09:40:33","Lab","Urgent",18.21
621,"2026-01-31 23:57:48","2026-02-01 00:19:48","ER","Urgent",21.62
622,"2026-02-01 19:59:51","2026-02-01 20:14:51","ER","Urgent",15.15
623,"2026-01-08 22:10:22","2026-01-08 22:21:22","Lab","Urgent",11.01
624,"2026-01-20 09:28:34","2026-01-20 09:43:34","Lab","Urgent",14.95
625,"2026-01-11 14:23:40","2026-01-11 14:44:40","ER","Critical",21.13
626,"2026-01-25 17:45:37","2026-01-25 18:06:37","OPD","Urgent",20.9
627,"2026-01-08 05:54:27","2026-01-08 06:05:27","Lab","Urgent",10.68
628,"2026-01-02 11:42:19","2026-01-02 11:49:19","ER","Normal",6.69
629,"2026-02-13 08:28:55","2026-02-13 08:33:55","Radiology","Critical",5.16
630,"2026-02-19 17:15:59","2026-02-19 17:29:59","ER","Critical",13.97
631,"2026-02-12 03:21:02","2026-02-12 03:28:02","OPD","Critical",7.25
632,"2026-02-16 14:41:06","2026-02-16 15:02:06","OPD","Critical",21.06
633,"2026-02-04 13:35:04","2026-02-04 13:55:04","Radiology","Urgent",20.38
634,"2026-02-10 14:02:57","2026-02-10 14:21:57","OPD","Critical",19.21
635,"2026-01-21 22:32:43","2026-01-21 23:05:43","Lab","Critical",32.77
636,"2026-02-24 19:06:10","2026-02-24 19:16:10","ER","Critical",10.13
637,"2026-02-28 22:09:34","2026-02-28 22:35:34","Lab","Normal",26.37
638,"2026-02-22 05:24:23","2026-02-22 05:45:23","Radiology","Urgent",20.62
639,"2026-01-01 11:32:56","2026-01-01 12:03:56","ER","Urgent",30.51
640,"2026-01-15 19:24:48","2026-01-15 19:43:48","Lab","Normal",19.3
641,"2026-01-01 11:23:24","2026-01-01 11:48:24","OPD","Normal",25.29
642,"2026-02-13 06:21:15","2026-02-13 06:36:15","OPD","Urgent",14.88
643,"2026-02-11 08:55:56","2026-02-11 09:05:56","Radiology","Critical",9.93
644,"2026-01-07 05:07:10","2026-01-07 05:33:10","ER","Normal",26.0
645,"2026-02-10 00:32:12","2026-02-10 01:01:12","Radiology","Urgent",28.82
646,"2026-01-25 09:26:33","2026-01-25 09:50:33","ER","Critical",24.34
647,"2026-01-26 03:20:39","2026-01-26 03:50:39","Radiology","Critical",30.08
648,"2026-02-16 22:14:59","2026-02-16 22:36:59","Lab","Normal",22.35
649,"2026-01-20 16:47:37","2026-01-20 17:12:37","OPD","Urgent",24.87
650,"2026-01-16 22:01:18","2026-01-16 22:17:18","ER","Urgent",16.34
651,"2026-01-25 01:14:27","2026-01-25 01:49:27","Radiology","Normal",34.83
652,"2026-01-01 09:55:21","2026-01-01 10:13:21","ER","Normal",18.37
653,"2026-02-23 14:58:57","2026-02-23 15:14:57","ER","Urgent",15.73
654,"2026-03-01 15:21:40","2026-03-01 15:43:40","Radiology","Normal",22.42
655,"2026-02-02 23:18:46","2026-02-02 23:28:46","ER","Critical",9.81
656,"2026-02-28 08:03:43","2026-02-28 08:08:43","ER","Urgent",5.05
657,"2026-02-28 12:55:43","2026-02-28 13:16:43","Lab","Critical",20.88
658,"2026-02-23 13:30:22","2026-02-23 13:48:22","OPD","Critical",17.98
659,"2026-01-11 09:25:54","2026-01-11 09:45:54","Radiology","Critical",19.7
660,"2026-01-07 05:04:40","2026-01-07 05:38:40","Lab","Critical",34.47
661,"2026-01-29 17:48:49","2026-01-29 18:00:49","Lab","Normal",11.8
662,"2026-02-25 10:46:21","2026-02-25 10:57:21","OPD","Normal",11.37
663,"2026-01-11 20:05:00","2026-01-11 20:24:00","Radiology","Normal",19.22
664,"2026-01-06 16:02:26","2026-01-06 16:17:26","OPD","Normal",14.79
665,"2026-02-16 11:10:44","2026-02-16 11:32:44","Lab","Critical",22.4
666,"2026-02-28 15:07:56","2026-02-28 15:26:56","OPD","Urgent",18.87
667,"2026-01-27 12:53:59","2026-01-27 13:18:59","Radiology","Normal",24.81
668,"2026-02-03 06:58:31","2026-02-03 07:06:31","Radiology","Urgent",7.56
669,"2026-01-30 03:39:57","2026-01-30 04:07:57","OPD","Urgent",27.98
670,"2026-02-12 20:25:05","2026-02-12 20:56:05","ER","Urgent",31.13
671,"2026-02-06 10:30:52","2026-02-06 10:56:52","Lab","Critical",25.7
672,"2026-01-28 08:40:48","2026-01-28 08:47:48","ER","Normal",7.31
673,"2026-01-14 13:36:36","2026-01-14 13:58:36","ER","Critical",21.91
674,"2026-02-07 05:12:01","2026-02-07 05:19:01","Lab","Urgent",7.33
675,"2026-01-27 09:19:14","2026-01-27 09:54:14","Lab","Critical",34.57
676,"2026-02-06 15:48:26","2026-02-06 16:17:26","ER","Critical",28.77
677,"2026-02-26 10:57:39","2026-02-26 11:29:39","Lab","Normal",32.27
678,"2026-01-16 07:13:46","2026-01-16 07:37:46","OPD","Normal",23.66
679,"2026-01-16 07:57:53","2026-01-16 08:23:53","Radiology","Urgent",26.11
680,"2026-03-01 10:21:20","2026-03-01 10:26:20","ER","Critical",5.13
681,"2026-01-04 02:52:18","2026-01-04 03:13:18","Lab","Critical",21.12
682,"2026-02-06 02:14:55","2026-02-06 02:46:55","Lab","Urgent",31.79
683,"2026-01-08 10:40:24","2026-01-08 11:08:24","OPD","Normal",27.74
684,"2026-02-19 22:53:29","2026-02-19 23:19:29","ER","Critical",26.31
685,"2026-02-01 03:15:18","2026-02-01 03:26:18","OPD","Urgent",10.62
686,"2026-02-03 06:17:18","2026-02-03 06:45:18","ER","Critical",27.64
687,"2026-01-07 21:18:21","2026-01-07 21:44:21","ER","Normal",26.17
688,"2026-01-29 06:38:12","2026-01-29 07:11:12","OPD","Urgent",33.25
689,"2026-01-21 22:35:41","2026-01-21 23:04:41","Radiology","Urgent",29.18
690,"2026-02-02 12:27:57","2026-02-02 12:38:57","OPD","Urgent",11.44
691,"2026-02-07 21:39:56","2026-02-07 21:55:56","Radiology","Normal",16.2
692,"2026-02-16 13:34:21","2026-02-16 13:59:21","ER","Critical",24.97
693,"2026-01-02 20:29:24","2026-01-02 20:38:24","Lab","Urgent",9.03
694,"2026-02-14 00:42:18","2026-02-14 00:53:18","Lab","Critical",10.57
695,"2026-01-12 22:09:23","2026-01-12 22:37:23","ER","Normal",28.0
696,"2026-02-13 06:37:12","2026-02-13 07:10:12","Lab","Critical",33.39
697,"2026-01-18 20:01:43","2026-01-18 20:21:43","Lab","Critical",19.57
698,"2026-02-01 21:37:00","2026-02-01 22:11:00","OPD","Urgent",34.17
699,"2026-01-18 08:15:06","2026-01-18 08:26:06","ER","Normal",10.74
700,"2026-01-05 23:25:39","2026-01-05 23:54:39","Radiology","Urgent",29.16
701,"2026-01-02 23:19:43","2026-01-02 23:46:43","Lab","Normal",27.33
702,"2026-02-03 08:04:45","2026-02-03 08:13:45","Radiology","Urgent",8.66
703,"2026-02-24 17:37:44","2026-02-24 17:58:44","Radiology","Normal",20.51
704,"2026-02-23 16:17:39","2026-02-23 16:34:39","OPD","Urgent",17.32
705,"2026-02-28 09:01:45","2026-02-28 09:06:45","ER","Normal",5.46
706,"2026-01-16 01:12:11","2026-01-16 01:18:11","OPD","Urgent",5.56
707,"2026-01-14 17:22:01","2026-01-14 17:33:01","OPD","Normal",10.76
708,"2026-01-09 03:26:22","2026-01-09 03:40:22","ER","Normal",14.15
709,"2026-01-02 13:03:41","2026-01-02 13:11:41","OPD","Normal",8.01
710,"2026-02-20 01:31:27","2026-02-20 01:57:27","ER","Critical",26.22
711,"2026-01-07 16:50:31","2026-01-07 17:08:31","Radiology","Normal",17.98
712,"2026-02-13 13:21:27","2026-02-13 13:29:27","OPD","Urgent",8.11
713,"2026-02-27 01:26:43","2026-02-27 01:48:43","Radiology","Critical",22.1
714,"2026-01-24 13:46:57","2026-01-24 13:55:57","OPD","Critical",9.0
715,"2026-02-14 02:26:05","2026-02-14 02:48:05","Lab","Critical",21.67
716,"2026-01-18 06:47:53","2026-01-18 07:17:53","OPD","Critical",30.03
717,"2026-01-16 22:33:26","2026-01-16 22:44:26","OPD","Normal",11.42
718,"2026-02-17 10:29:42","2026-02-17 10:58:42","Lab","Urgent",28.64
719,"2026-02-09 20:41:58","2026-02-09 21:13:58","Lab","Normal",32.06
720,"2026-02-20 09:51:45","2026-02-20 10:13:45","OPD","Normal",22.0
721,"2026-01-23 02:16:31","2026-01-23 02:29:31","ER","Critical",12.76
722,"2026-01-16 05:34:20","2026-01-16 06:02:20","ER","Critical",28.37
723,"2026-01-15 23:00:35","2026-01-15 23:13:35","Lab","Normal",12.71
724,"2026-02-27 01:04:22","2026-02-27 01:10:22","ER","Critical",5.52
725,"2026-02-24 16:13:48","2026-02-24 16:24:48","ER","Urgent",10.59
726,"2026-02-03 08:01:57","2026-02-03 08:21:57","Radiology","Urgent",19.66
727,"2026-02-15 00:34:52","2026-02-15 00:54:52","OPD","Normal",20.13
728,"2026-01-24 04:41:14","2026-01-24 04:58:14","Radiology","Critical",17.42
729,"2026-02-19 00:42:36","2026-02-19 00:52:36","OPD","Critical",9.71
730,"2026-02-28 07:55:17","2026-02-28 08:08:17","OPD","Urgent",13.35
731,"2026-01-16 19:32:26","2026-01-16 19:58:26","Lab","Urgent",26.18
732,"2026-02-09 12:51:13","2026-02-09 13:13:13","Radiology","Urgent",22.1
733,"2026-02-09 18:04:24","2026-02-09 18:19:24","Lab","Urgent",15.3
734,"2026-02-22 22:05:25","2026-02-22 22:27:25","ER","Critical",22.08
735,"2026-02-21 17:02:11","2026-02-21 17:20:11","Lab","Urgent",17.96
736,"2026-01-10 22:15:09","2026-01-10 22:23:09","Radiology","Urgent",7.8
737,"2026-02-26 12:41:46","2026-02-26 13:16:46","ER","Normal",34.98
738,"2026-02-15 08:19:33","2026-02-15 08:31:33","Radiology","Urgent",11.57
739,"2026-02-25 03:25:00","2026-02-25 03:35:00","ER","Urgent",9.63
740,"2026-01-01 17:33:48","2026-01-01 17:45:48","ER","Normal",11.8
741,"2026-02-14 11:33:17","2026-02-14 11:47:17","ER","Critical",13.6
742,"2026-01-18 20:42:35","2026-01-18 21:15:35","Radiology","Critical",33.02
743,"2026-01-04 23:30:57","2026-01-04 23:38:57","OPD","Critical",7.85
744,"2026-02-08 04:27:04","2026-02-08 04:59:04","Lab","Urgent",32.13
745,"2026-02-25 06:01:44","2026-02-25 06:22:44","Radiology","Critical",21.45
746,"2026-01-19 03:22:32","2026-01-19 03:50:32","Radiology","Urgent",28.07
747,"2026-01-07 21:29:27","2026-01-07 21:46:27","Lab","Urgent",17.48
748,"2026-02-25 18:01:14","2026-02-25 18:17:14","ER","Critical",15.97
749,"2026-01-25 00:21:23","2026-01-25 00:47:23","ER","Critical",25.66
750,"2026-01-02 06:35:05","2026-01-02 07:00:05","ER","Critical",24.66
751,"2026-02-21 21:44:46","2026-02-21 21:50:46","Lab","Urgent",5.67
752,"2026-01-01 13:36:14","2026-01-01 13:56:14","Lab","Critical",20.41
753,"2026-01-11 00:43:20","2026-01-11 00:59:20","OPD","Urgent",15.93
754,"2026-02-04 09:50:27","2026-02-04 10:05:27","ER","Critical",15.43
755,"2026-01-11 04:59:35","2026-01-11 05:26:35","ER","Critical",26.52
756,"2026-02-24 03:33:12","2026-02-24 04:03:12","OPD","Normal",30.05
757,"2026-02-15 22:23:40","2026-02-15 22:38:40","OPD","Normal",14.79
758,"2026-01-30 01:28:50","2026-01-30 01:43:50","ER","Normal",14.82
759,"2026-01-08 13:57:50","2026-01-08 14:27:50","Lab","Critical",29.77
760,"2026-01-07 13:42:59","2026-01-07 14:09:59","OPD","Urgent",26.97
761,"2026-01-20 21:42:33","2026-01-20 21:55:33","OPD","Normal",12.84
762,"2026-02-24 23:16:33","2026-02-24 23:29:33","Lab","Critical",13.16
763,"2026-01-23 09:11:46","2026-01-23 09:20:46","Lab","Urgent",9.22
764,"2026-02-14 20:56:37","2026-02-14 21:08:37","Radiology","Critical",12.16
765,"2026-01-19 06:49:21","2026-01-19 07:07:21","ER","Normal",17.97
766,"2026-02-26 19:42:52","2026-02-26 20:15:52","Radiology","Critical",32.68
767,"2026-01-09 17:29:34","2026-01-09 17:48:34","Radiology","Normal",18.51
768,"2026-01-12 11:14:35","2026-01-12 11:42:35","OPD","Critical",28.18
769,"2026-02-16 15:28:06","2026-02-16 15:48:06","ER","Urgent",19.99
770,"2026-01-11 02:59:45","2026-01-11 03:29:45","Lab","Critical",30.28
771,"2026-02-24 14:43:30","2026-02-24 15:04:30","Radiology","Critical",20.98
772,"2026-02-02 08:01:24","2026-02-02 08:21:24","Radiology","Normal",19.74
773,"2026-01-07 23:20:37","2026-01-07 23:37:37","Lab","Critical",16.96
774,"2026-01-13 13:01:36","2026-01-13 13:35:36","ER","Normal",33.76
775,"2026-01-18 09:23:15","2026-01-18 09:45:15","ER","Critical",22.25
776,"2026-01-30 04:47:45","2026-01-30 05:08:45","ER","Urgent",20.97
777,"2026-01-27 20:40:31","2026-01-27 20:45:31","Lab","Urgent",5.22
778,"2026-01-09 07:14:12","2026-01-09 07:30:12","OPD","Normal",15.84
779,"2026-01-12 15:31:34","2026-01-12 15:46:34","ER","Normal",15.48
780,"2026-01-23 11:17:19","2026-01-23 11:39:19","Lab","Urgent",21.56
781,"2026-02-13 22:28:52","2026-02-13 22:35:52","ER","Normal",7.26
782,"2026-02-20 04:41:01","2026-02-20 04:51:01","OPD","Normal",9.69
783,"2026-02-08 01:33:06","2026-02-08 01:53:06","Lab","Urgent",20.07
784,"2026-02-20 08:56:43","2026-02-20 09:19:43","OPD","Urgent",23.0
785,"2026-02-04 14:35:10","2026-02-04 14:42:10","Lab","Normal",7.18
786,"2026-02-20 06:32:55","2026-02-20 06:47:55","ER","Critical",15.41
787,"2026-02-10 08:42:19","2026-02-10 08:52:19","Radiology","Urgent",9.82
788,"2026-02-22 07:31:42","2026-02-22 07:37:42","OPD","Urgent",5.67
789,"2026-02-04 05:09:18","2026-02-04 05:33:18","OPD","Critical",23.51
790,"2026-02-28 06:25:47","2026-02-28 06:54:47","ER","Critical",29.0
791,"2026-02-24 11:51:13","2026-02-24 12:09:13","OPD","Critical",18.2
792,"2026-02-21 17:00:28","2026-02-21 17:09:28","ER","Critical",9.08
793,"2026-01-03 01:36:24","2026-01-03 02:10:24","Radiology","Critical",34.46
794,"2026-01-01 13:30:36","2026-01-01 13:59:36","Radiology","Critical",28.7
795,"2026-01-26 15:49:50","2026-01-26 16:07:50","Radiology","Normal",17.68
796,"2026-02-25 15:36:44","2026-02-25 16:11:44","ER","Normal",34.59
797,"2026-01-30 16:46:27","2026-01-30 16:54:27","ER","Normal",8.26
798,"2026-02-09 00:58:21","2026-02-09 01:14:21","Radiology","Critical",15.75
799,"2026-01-06 06:56:30","2026-01-06 07:03:30","ER","Urgent",7.32
800,"2026-02-01 22:14:58","2026-02-01 22:35:58","ER","Urgent",20.63
801,"2026-01-23 13:18:32","2026-01-23 13:36:32","ER","Critical",18.15
802,"2026-02-20 02:48:05","2026-02-20 02:58:05","OPD","Normal",9.79
803,"2026-01-04 02:51:43","2026-01-04 03:05:43","OPD","Normal",14.03
804,"2026-01-11 10:47:58","2026-01-11 11:02:58","ER","Normal",15.11
805,"2026-02-01 16:23:30","2026-02-01 16:35:30","Lab","Critical",11.9
806,"2026-01-01 19:41:31","2026-01-01 20:05:31","ER","Normal",24.21
807,"2026-02-25 02:40:11","2026-02-25 03:14:11","ER","Critical",33.6
808,"2026-02-26 16:40:48","2026-02-26 16:49:48","Radiology","Normal",9.13
809,"2026-02-12 09:02:08","2026-02-12 09:36:08","Lab","Normal",34.16
810,"2026-02-12 20:09:40","2026-02-12 20:20:40","Radiology","Normal",11.26
811,"2026-02-11 15:23:41","2026-02-11 15:53:41","ER","Normal",29.95
812,"2026-01-13 23:26:25","2026-01-13 23:43:25","OPD","Normal",17.39
813,"2026-02-28 01:04:12","2026-02-28 01:18:12","Lab","Critical",14.21
814,"2026-01-19 04:22:38","2026-01-19 04:51:38","ER","Normal",28.87
815,"2026-02-04 22:48:19","2026-02-04 22:54:19","OPD","Critical",6.17
816,"2026-01-16 03:42:01","2026-01-16 04:14:01","Radiology","Critical",32.2
817,"2026-01-27 22:01:07","2026-01-27 22:29:07","Lab","Urgent",28.38
818,"2026-01-26 04:43:47","2026-01-26 05:14:47","ER","Urgent",30.71
819,"2026-02-12 06:51:51","2026-02-12 07:22:51","ER","Critical",30.65
820,"2026-02-13 03:21:03","2026-02-13 03:52:03","ER","Urgent",31.2
821,"2026-02-01 17:23:58","2026-02-01 17:38:58","ER","Normal",15.43
822,"2026-01-08 08:38:31","2026-01-08 08:57:31","Radiology","Urgent",19.0
823,"2026-01-15 18:52:43","2026-01-15 19:25:43","Radiology","Critical",33.38
824,"2026-02-05 15:22:08","2026-02-05 15:46:08","OPD","Normal",23.94
825,"2026-02-16 22:23:38","2026-02-16 22:57:38","OPD","Urgent",33.99
826,"2026-01-12 04:16:06","2026-01-12 04:31:06","ER","Normal",15.37
827,"2026-02-02 10:10:38","2026-02-02 10:23:38","Lab","Normal",13.19
828,"2026-01-17 01:08:34","2026-01-17 01:32:34","OPD","Critical",24.14
829,"2026-02-27 23:40:10","2026-02-28 00:08:10","Radiology","Critical",27.61
830,"2026-02-19 10:07:07","2026-02-19 10:38:07","Radiology","Urgent",30.77
831,"2026-01-15 17:30:16","2026-01-15 17:53:16","ER","Urgent",22.9
832,"2026-01-30 00:26:58","2026-01-30 00:34:58","Radiology","Urgent",7.5
833,"2026-01-01 08:19:50","2026-01-01 08:33:50","OPD","Critical",13.59
834,"2026-02-18 12:59:30","2026-02-18 13:16:30","Lab","Normal",17.45
835,"2026-01-02 13:28:14","2026-01-02 13:37:14","Lab","Normal",9.46
836,"2026-01-24 16:06:31","2026-01-24 16:21:31","Lab","Urgent",15.18
837,"2026-01-13 18:09:42","2026-01-13 18:26:42","OPD","Normal",17.32
838,"2026-02-28 04:41:42","2026-02-28 04:56:42","Lab","Urgent",14.62
839,"2026-01-28 19:20:00","2026-01-28 19:49:00","Lab","Urgent",28.68
840,"2026-01-24 11:07:15","2026-01-24 11:34:15","OPD","Normal",26.6
841,"2026-02-05 16:31:59","2026-02-05 16:37:59","OPD","Critical",6.45
842,"2026-01-21 18:07:43","2026-01-21 18:21:43","OPD","Urgent",13.94
843,"2026-01-29 06:57:16","2026-01-29 07:10:16","Radiology","Normal",12.84
844,"2026-02-12 05:01:14","2026-02-12 05:21:14","OPD","Critical",19.7
845,"2026-01-07 06:48:28","2026-01-07 07:19:28","Radiology","Critical",30.53
846,"2026-02-26 08:24:49","2026-02-26 08:36:49","OPD","Critical",12.15
847,"2026-02-09 06:31:25","2026-02-09 07:00:25","ER","Normal",29.2
848,"2026-01-26 20:07:11","2026-01-26 20:23:11","Lab","Normal",16.09
849,"2026-02-11 12:40:44","2026-02-11 12:58:44","ER","Urgent",18.33
850,"2026-02-01 07:10:37","2026-02-01 07:28:37","Lab","Normal",18.04
851,"2026-02-21 18:42:50","2026-02-21 18:50:50","Radiology","Critical",8.07
852,"2026-02-15 05:34:15","2026-02-15 06:05:15","ER","Urgent",30.71
853,"2026-02-10 11:03:25","2026-02-10 11:30:25","Lab","Normal",26.71
854,"2026-01-15 05:21:53","2026-01-15 05:49:53","ER","Urgent",28.16
855,"2026-02-11 08:29:54","2026-02-11 08:39:54","Radiology","Critical",9.96
856,"2026-01-13 08:27:06","2026-01-13 08:36:06","ER","Critical",9.22
857,"2026-02-17 02:33:19","2026-02-17 03:05:19","ER","Critical",31.98
858,"2026-02-06 23:53:30","2026-02-07 00:00:30","OPD","Critical",6.77
859,"2026-02-23 19:56:48","2026-02-23 20:11:48","ER","Critical",15.42
860,"2026-02-17 10:32:20","2026-02-17 10:49:20","Lab","Normal",16.91
861,"2026-02-01 07:11:41","2026-02-01 07:46:41","OPD","Critical",34.78
862,"2026-02-23 06:12:55","2026-02-23 06:29:55","OPD","Critical",16.62
863,"2026-01-13 13:07:25","2026-01-13 13:25:25","Lab","Critical",17.83
864,"2026-02-19 14:00:50","2026-02-19 14:14:50","ER","Urgent",14.49
865,"2026-01-31 23:48:22","2026-02-01 00:20:22","Radiology","Normal",31.63
866,"2026-01-14 22:22:31","2026-01-14 22:52:31","OPD","Urgent",29.67
867,"2026-02-18 10:31:35","2026-02-18 10:42:35","Lab","Urgent",11.12
868,"2026-01-06 22:09:43","2026-01-06 22:25:43","OPD","Urgent",15.73
869,"2026-01-29 04:55:00","2026-01-29 05:05:00","OPD","Normal",10.45
870,"2026-01-15 11:22:37","2026-01-15 11:38:37","ER","Urgent",15.92
871,"2026-02-10 00:04:01","2026-02-10 00:14:01","Radiology","Urgent",9.78
872,"2026-01-09 13:29:35","2026-01-09 13:40:35","Lab","Critical",10.8
873,"2026-02-26 14:45:19","2026-02-26 15:01:19","ER","Critical",16.48
874,"2026-01-06 08:07:51","2026-01-06 08:31:51","Radiology","Normal",24.25
875,"2026-01-06 09:45:38","2026-01-06 09:53:38","ER","Normal",8.05
876,"2026-02-12 01:16:29","2026-02-12 01:47:29","ER","Critical",30.69
877,"2026-01-07 06:39:19","2026-01-07 07:00:19","OPD","Critical",21.11
878,"2026-01-07 19:34:29","2026-01-07 20:04:29","Radiology","Urgent",29.94
879,"2026-01-30 07:05:53","2026-01-30 07:30:53","Radiology","Urgent",25.37
880,"2026-01-17 09:09:21","2026-01-17 09:30:21","Radiology","Urgent",20.83
881,"2026-01-06 21:31:45","2026-01-06 22:05:45","OPD","Urgent",33.76
882,"2026-02-05 18:55:11","2026-02-05 19:04:11","Radiology","Normal",8.79
883,"2026-02-07 17:36:23","2026-02-07 18:01:23","OPD","Normal",24.55
884,"2026-01-24 18:30:30","2026-01-24 18:43:30","ER","Critical",13.24
885,"2026-02-27 02:20:37","2026-02-27 02:39:37","OPD","Normal",18.62
886,"2026-01-20 00:42:55","2026-01-20 01:00:55","OPD","Critical",18.46
887,"2026-02-12 07:30:49","2026-02-12 07:40:49","Radiology","Critical",10.29
888,"2026-01-12 23:16:29","2026-01-12 23:24:29","Radiology","Critical",7.99
889,"2026-01-19 06:42:37","2026-01-19 07:15:37","Lab","Normal",32.61
890,"2026-01-21 08:23:30","2026-01-21 08:48:30","ER","Critical",24.59
891,"2026-02-09 06:54:34","2026-02-09 07:12:34","ER","Normal",18.05
892,"2026-01-08 10:15:54","2026-01-08 10:31:54","OPD","Critical",15.92
893,"2026-01-26 09:15:46","2026-01-26 09:40:46","Radiology","Critical",24.59
894,"2026-01-06 17:41:31","2026-01-06 17:59:31","Radiology","Critical",17.9
895,"2026-02-01 14:05:37","2026-02-01 14:27:37","ER","Urgent",21.92
896,"2026-02-19 17:08:30","2026-02-19 17:31:30","Lab","Critical",23.39
897,"2026-02-03 10:01:50","2026-02-03 10:24:50","OPD","Critical",23.22
898,"2026-02-25 12:03:53","2026-02-25 12:26:53","OPD","Urgent",23.39
899,"2026-01-11 13:43:28","2026-01-11 13:50:28","Lab","Urgent",6.62
900,"2026-01-31 10:16:52","2026-01-31 10:48:52","Radiology","Critical",31.89
901,"2026-02-10 14:48:41","2026-02-10 14:55:41","ER","Normal",6.51
902,"2026-01-07 23:35:17","2026-01-08 00:01:17","ER","Normal",26.4
903,"2026-01-06 03:00:03","2026-01-06 03:23:03","Lab","Urgent",22.53
904,"2026-02-22 06:40:59","2026-02-22 07:04:59","Lab","Normal",24.09
905,"2026-02-26 09:18:05","2026-02-26 09:50:05","Lab","Critical",32.41
906,"2026-02-16 09:05:16","2026-02-16 09:36:16","Radiology","Critical",30.59
907,"2026-01-01 11:42:08","2026-01-01 12:03:08","Lab","Urgent",21.01
908,"2026-01-11 13:48:52","2026-01-11 13:53:52","Lab","Normal",5.45
909,"2026-02-17 22:31:42","2026-02-17 23:04:42","OPD","Urgent",32.95
910,"2026-02-16 08:17:12","2026-02-16 08:32:12","OPD","Urgent",14.85
911,"2026-01-14 09:36:13","2026-01-14 09:47:13","OPD","Normal",10.93
912,"2026-01-03 06:52:37","2026-01-03 07:03:37","Radiology","Normal",10.84
913,"2026-02-28 20:56:07","2026-02-28 21:24:07","Radiology","Critical",28.12
914,"2026-01-28 23:47:17","2026-01-29 00:10:17","Lab","Urgent",23.42
915,"2026-02-02 07:37:04","2026-02-02 07:47:04","ER","Urgent",9.9
916,"2026-02-27 14:09:18","2026-02-27 14:22:18","OPD","Urgent",12.88
917,"2026-02-05 14:08:24","2026-02-05 14:38:24","OPD","Urgent",29.9
918,"2026-02-12 07:33:44","2026-02-12 07:51:44","ER","Critical",18.07
919,"2026-02-21 08:34:53","2026-02-21 08:47:53","Lab","Normal",12.57
920,"2026-01-29 02:52:47","2026-01-29 03:03:47","Lab","Normal",11.43
921,"2026-01-26 04:40:35","2026-01-26 04:47:35","Radiology","Normal",6.51
922,"2026-01-05 02:45:13","2026-01-05 03:17:13","OPD","Critical",32.48
923,"2026-01-31 13:46:26","2026-01-31 13:56:26","OPD","Critical",10.01
924,"2026-01-14 13:27:31","2026-01-14 13:33:31","Lab","Urgent",6.32
925,"2026-01-15 20:41:37","2026-01-15 21:01:37","Radiology","Urgent",20.47
926,"2026-02-09 07:50:29","2026-02-09 08:06:29","Radiology","Urgent",16.37
927,"2026-02-15 05:24:45","2026-02-15 05:36:45","Radiology","Critical",12.33
928,"2026-01-27 21:21:36","2026-01-27 21:27:36","Radiology","Critical",6.34
929,"2026-02-10 00:05:01","2026-02-10 00:27:01","Radiology","Critical",21.54
930,"2026-01-24 02:37:01","2026-01-24 02:58:01","Lab","Normal",20.95
931,"2026-01-07 02:50:17","2026-01-07 03:17:17","OPD","Normal",27.27
932,"2026-02-16 17:31:10","2026-02-16 17:51:10","ER","Critical",19.93
933,"2026-02-22 19:22:14","2026-02-22 19:45:14","OPD","Normal",22.96
934,"2026-02-17 17:04:05","2026-02-17 17:11:05","Radiology","Urgent",6.88
935,"2026-01-28 13:23:25","2026-01-28 13:57:25","OPD","Critical",33.56
936,"2026-01-08 18:23:32","2026-01-08 18:42:32","ER","Urgent",19.44
937,"2026-01-12 15:56:25","2026-01-12 16:02:25","Lab","Urgent",5.64
938,"2026-01-12 17:47:40","2026-01-12 18:02:40","ER","Critical",14.57
939,"2026-01-23 12:22:09","2026-01-23 12:46:09","ER","Urgent",24.15
940,"2026-02-21 17:21:17","2026-02-21 17:28:17","Radiology","Normal",7.27
941,"2026-01-18 06:48:44","2026-01-18 07:00:44","OPD","Critical",12.26
942,"2026-02-28 18:52:17","2026-02-28 19:24:17","Lab","Normal",31.65
943,"2026-02-13 17:08:39","2026-02-13 17:16:39","OPD","Critical",8.04
944,"2026-02-02 07:56:57","2026-02-02 08:25:57","OPD","Urgent",28.8
945,"2026-02-18 17:54:28","2026-02-18 18:27:28","OPD","Urgent",33.31
946,"2026-01-02 02:30:23","2026-01-02 02:46:23","Radiology","Normal",16.28
947,"2026-01-31 09:12:19","2026-01-31 09:33:19","ER","Urgent",21.3
948,"2026-01-13 02:25:45","2026-01-13 02:58:45","ER","Urgent",32.94
949,"2026-01-10 15:37:18","2026-01-10 15:54:18","Lab","Normal",17.46
950,"2026-02-20 01:33:11","2026-02-20 01:38:11","Lab","Urgent",5.08
951,"2026-01-11 11:20:13","2026-01-11 11:33:13","Lab","Normal",12.52
952,"2026-01-17 18:52:24","2026-01-17 19:19:24","Radiology","Urgent",26.57
953,"2026-02-19 11:16:25","2026-02-19 11:29:25","Radiology","Urgent",13.07
954,"2026-01-09 10:07:51","2026-01-09 10:13:51","Radiology","Normal",6.46
955,"2026-01-22 17:46:24","2026-01-22 18:18:24","OPD","Normal",32.42
956,"2026-02-24 19:41:15","2026-02-24 20:03:15","ER","Urgent",21.53
957,"2026-01-03 09:15:10","2026-01-03 09:49:10","Lab","Critical",33.5
958,"2026-02-07 19:01:40","2026-02-07 19:13:40","OPD","Normal",12.07
959,"2026-02-19 17:07:19","2026-02-19 17:40:19","ER","Normal",32.75
960,"2026-01-11 11:40:05","2026-01-11 11:49:05","ER","Critical",8.59
961,"2026-02-19 23:19:23","2026-02-19 23:28:23","ER","Urgent",8.94
962,"2026-01-31 22:44:11","2026-01-31 23:01:11","OPD","Normal",16.53
963,"2026-01-28 05:25:44","2026-01-28 05:34:44","OPD","Normal",8.73
964,"2026-02-21 20:31:23","2026-02-21 20:52:23","ER","Normal",21.02
965,"2026-02-10 23:43:39","2026-02-10 23:50:39","OPD","Critical",7.02
966,"2026-01-19 20:13:36","2026-01-19 20:44:36","OPD","Critical",30.93
967,"2026-01-23 23:54:00","2026-01-23 23:59:00","Radiology","Critical",5.1
968,"2026-01-02 07:24:22","2026-01-02 07:33:22","Lab","Urgent",9.07
969,"2026-01-27 04:24:32","2026-01-27 04:36:32","Radiology","Critical",11.54
970,"2026-02-25 00:24:11","2026-02-25 00:54:11","OPD","Urgent",29.85
971,"2026-01-10 21:11:09","2026-01-10 21:29:09","Lab","Normal",17.66
972,"2026-01-14 10:06:01","2026-01-14 10:31:01","Lab","Urgent",25.26
973,"2026-01-23 20:24:55","2026-01-23 20:41:55","Radiology","Critical",17.2
974,"2026-01-31 16:22:03","2026-01-31 16:52:03","Lab","Normal",30.36
975,"2026-02-03 00:25:16","2026-02-03 00:59:16","ER","Critical",34.26
976,"2026-01-20 18:45:42","2026-01-20 18:51:42","ER","Critical",6.35
977,"2026-01-31 17:08:43","2026-01-31 17:26:43","Lab","Normal",17.84
978,"2026-02-22 17:13:30","2026-02-22 17:23:30","OPD","Normal",10.34
979,"2026-02-24 07:27:02","2026-02-24 07:42:02","Radiology","Urgent",14.8
980,"2026-01-19 08:23:34","2026-01-19 08:49:34","Lab","Urgent",25.77
981,"2026-02-04 19:18:35","2026-02-04 19:52:35","ER","Normal",34.2
982,"2026-01-12 15:28:08","2026-01-12 15:58:08","Lab","Critical",29.75
983,"2026-02-04 21:48:03","2026-02-04 21:58:03","ER","Critical",10.44
984,"2026-02-20 08:47:45","2026-02-20 09:04:45","OPD","Critical",17.06
985,"2026-02-18 03:09:04","2026-02-18 03:21:04","Radiology","Critical",12.29
986,"2026-01-10 08:23:34","2026-01-10 08:53:34","Lab","Normal",29.87
987,"2026-01-29 07:33:53","2026-01-29 07:58:53","Radiology","Urgent",24.7
988,"2026-01-15 18:54:17","2026-01-15 19:03:17","Radiology","Normal",8.66
989,"2026-01-19 15:36:01","2026-01-19 15:59:01","ER","Urgent",23.05
990,"2026-02-09 03:37:40","2026-02-09 03:58:40","Lab","Normal",21.01
991,"2026-02-08 04:45:14","2026-02-08 05:00:14","Lab","Urgent",14.64
992,"2026-01-31 16:47:15","2026-01-31 17:22:15","OPD","Critical",34.91
993,"2026-02-25 21:04:12","2026-02-25 21:36:12","Lab","Urgent",31.67
994,"2026-03-01 11:14:26","2026-03-01 11:25:26","Radiology","Critical",10.67
995,"2026-02-01 12:56:05","2026-02-01 13:24:05","ER","Normal",27.96
996,"2026-01-01 22:11:28","2026-01-01 22:23:28","ER","Urgent",11.54
997,"2026-02-12 11:52:47","2026-02-12 12:22:47","ER","Normal",30.08
998,"2026-02-10 21:19:34","2026-02-10 21:27:34","OPD","Normal",7.95
999,"2026-01-23 16:38:10","2026-01-23 16:45:10","ER","Urgent",6.73
1000,"2026-02-01 18:48:14","2026-02-01 19:19:14","Lab","Normal",30.59
1001,"2026-01-04 14:17:01","2026-01-04 14:47:01","ER","Normal",30.45
1002,"2026-02-08 16:13:29","2026-02-08 16:46:29","Lab","Urgent",32.72
1003,"2026-01-15 16:10:20","2026-01-15 16:22:20","OPD","Urgent",12.2
1004,"2026-02-10 08:52:25","2026-02-10 09:13:25","Lab","Urgent",20.59
1005,"2026-02-28 05:47:41","2026-02-28 06:17:41","ER","Urgent",29.79
1006,"2026-01-27 20:54:36","2026-01-27 21:10:36","Lab","Urgent",16.23
1007,"2026-03-01 06:50:14","2026-03-01 07:07:14","ER","Normal",16.95
1008,"2026-02-08 03:28:48","2026-02-08 03:43:48","Radiology","Critical",15.42
1009,"2026-01-02 15:50:08","2026-01-02 16:20:08","ER","Normal",29.89
1010,"2026-03-01 13:48:19","2026-03-01 14:07:19","OPD","Critical",18.54
1011,"2026-01-20 20:35:25","2026-01-20 20:57:25","Radiology","Critical",21.72
1012,"2026-01-06 16:18:18","2026-01-06 16:41:18","Lab","Urgent",22.65
1013,"2026-02-09 12:52:10","2026-02-09 13:18:10","Lab","Normal",26.42
1014,"2026-01-21 21:33:03","2026-01-21 21:46:03","OPD","Urgent",12.92
1015,"2026-01-06 13:35:59","2026-01-06 14:01:59","OPD","Critical",26.39
1016,"2026-02-06 15:06:25","2026-02-06 15:16:25","ER","Urgent",10.11
1017,"2026-02-23 00:08:57","2026-02-23 00:33:57","Lab","Critical",24.54
1018,"2026-02-04 03:30:27","2026-02-04 03:53:27","OPD","Normal",23.38
1019,"2026-02-08 15:04:51","2026-02-08 15:21:51","ER","Normal",16.75
1020,"2026-02-13 16:39:59","2026-02-13 17:07:59","Lab","Normal",27.64
1021,"2026-02-08 07:02:27","2026-02-08 07:11:27","Radiology","Normal",9.44
1022,"2026-02-25 09:05:21","2026-02-25 09:27:21","ER","Normal",22.31
1023,"2026-02-23 03:21:35","2026-02-23 03:53:35","Radiology","Critical",31.68
1024,"2026-01-02 08:11:27","2026-01-02 08:24:27","OPD","Normal",13.34
1025,"2026-02-25 17:23:59","2026-02-25 17:37:59","Lab","Normal",14.17
1026,"2026-02-15 00:38:41","2026-02-15 00:54:41","Lab","Normal",15.96
1027,"2026-01-11 11:48:09","2026-01-11 12:09:09","ER","Critical",21.02
1028,"2026-01-12 12:04:17","2026-01-12 12:26:17","OPD","Normal",22.45
1029,"2026-02-05 16:32:06","2026-02-05 16:44:06","OPD","Normal",11.55
1030,"2026-01-30 13:43:58","2026-01-30 14:12:58","Lab","Urgent",29.44
1031,"2026-02-22 11:02:52","2026-02-22 11:30:52","OPD","Normal",28.27
1032,"2026-02-28 13:05:10","2026-02-28 13:11:10","ER","Critical",6.03
1033,"2026-02-21 17:44:46","2026-02-21 18:18:46","ER","Critical",33.63
1034,"2026-02-14 10:58:56","2026-02-14 11:19:56","OPD","Urgent",20.85
1035,"2026-01-19 01:32:37","2026-01-19 02:06:37","Radiology","Normal",34.09
1036,"2026-01-15 23:57:30","2026-01-16 00:26:30","ER","Normal",28.95
1037,"2026-01-22 04:42:22","2026-01-22 04:57:22","Lab","Normal",14.55
1038,"2026-02-25 09:38:13","2026-02-25 09:58:13","Radiology","Critical",20.17
1039,"2026-01-06 20:20:19","2026-01-06 20:45:19","ER","Critical",24.92
1040,"2026-02-08 03:38:03","2026-02-08 04:05:03","Radiology","Normal",27.48
1041,"2026-01-13 07:07:10","2026-01-13 07:18:10","OPD","Critical",10.78
1042,"2026-02-17 11:37:08","2026-02-17 11:56:08","Radiology","Critical",18.61
1043,"2026-02-21 00:38:57","2026-02-21 01:11:57","ER","Normal",33.02
1044,"2026-02-06 01:37:30","2026-02-06 02:01:30","OPD","Normal",23.94
1045,"2026-01-19 00:48:41","2026-01-19 01:20:41","Lab","Normal",31.6
1046,"2026-01-25 02:42:39","2026-01-25 02:47:39","Radiology","Critical",5.32
1047,"2026-01-31 00:08:47","2026-01-31 00:39:47","Radiology","Normal",31.21
1048,"2026-02-28 22:38:34","2026-02-28 23:06:34","Radiology","Critical",27.83
1049,"2026-01-28 02:42:16","2026-01-28 02:54:16","Radiology","Urgent",12.34
1050,"2026-01-26 05:33:43","2026-01-26 05:47:43","ER","Critical",13.65
1051,"2026-02-08 08:46:11","2026-02-08 08:54:11","Lab","Urgent",7.67
1052,"2026-01-16 13:33:24","2026-01-16 13:44:24","ER","Urgent",10.78
1053,"2026-01-12 03:37:40","2026-01-12 04:09:40","Radiology","Urgent",31.53
1054,"2026-02-14 02:19:09","2026-02-14 02:44:09","ER","Normal",25.38
1055,"2026-01-02 21:41:51","2026-01-02 21:58:51","Radiology","Critical",16.83
1056,"2026-01-22 06:26:04","2026-01-22 06:37:04","Radiology","Normal",10.5
1057,"2026-01-01 17:33:56","2026-01-01 18:06:56","Lab","Critical",32.56
1058,"2026-01-29 07:48:40","2026-01-29 08:01:40","Radiology","Normal",13.24
1059,"2026-02-26 08:28:15","2026-02-26 08:57:15","ER","Normal",29.28
1060,"2026-02-24 16:51:29","2026-02-24 17:08:29","OPD","Critical",16.94
1061,"2026-02-08 08:10:36","2026-02-08 08:44:36","Radiology","Urgent",33.58
1062,"2026-01-20 23:07:41","2026-01-20 23:28:41","Lab","Normal",21.21
1063,"2026-01-22 22:40:41","2026-01-22 22:49:41","Lab","Normal",9.31
1064,"2026-01-31 01:16:58","2026-01-31 01:36:58","Radiology","Critical",19.6
1065,"2026-01-11 19:04:09","2026-01-11 19:18:09","ER","Critical",14.48
1066,"2026-01-09 04:50:46","2026-01-09 05:23:46","ER","Urgent",32.9
1067,"2026-01-19 21:37:19","2026-01-19 21:53:19","Radiology","Critical",15.66
1068,"2026-02-28 15:52:26","2026-02-28 16:15:26","ER","Urgent",23.11
1069,"2026-02-19 21:23:50","2026-02-19 21:37:50","ER","Critical",14.13
1070,"2026-01-02 05:31:55","2026-01-02 05:49:55","ER","Urgent",18.27
1071,"2026-02-10 20:18:55","2026-02-10 20:27:55","Lab","Urgent",8.72
1072,"2026-02-20 16:08:29","2026-02-20 16:33:29","Radiology","Critical",25.3
1073,"2026-02-02 02:57:22","2026-02-02 03:03:22","Lab","Urgent",5.81
1074,"2026-01-14 18:35:53","2026-01-14 18:54:53","Lab","Urgent",18.75
1075,"2026-01-23 19:41:01","2026-01-23 20:16:01","Radiology","Critical",34.67
1076,"2026-02-21 13:05:56","2026-02-21 13:14:56","ER","Critical",8.97
1077,"2026-02-21 18:32:47","2026-02-21 18:44:47","Lab","Urgent",12.37
1078,"2026-01-23 20:24:51","2026-01-23 20:45:51","OPD","Normal",20.75
1079,"2026-02-14 03:52:57","2026-02-14 04:02:57","Lab","Normal",10.11
1080,"2026-02-06 14:13:35","2026-02-06 14:46:35","Radiology","Critical",32.73
1081,"2026-02-04 05:10:56","2026-02-04 05:23:56","Lab","Urgent",13.48
1082,"2026-01-13 01:11:30","2026-01-13 01:17:30","OPD","Urgent",5.61
1083,"2026-02-11 12:59:55","2026-02-11 13:08:55","Lab","Normal",9.39
1084,"2026-01-13 18:01:44","2026-01-13 18:23:44","ER","Critical",21.69
1085,"2026-02-18 19:01:56","2026-02-18 19:34:56","ER","Critical",32.6
1086,"2026-02-13 03:45:09","2026-02-13 04:04:09","ER","Normal",19.31
1087,"2026-02-20 09:34:20","2026-02-20 09:42:20","Radiology","Critical",7.62
1088,"2026-02-21 03:22:05","2026-02-21 03:36:05","Radiology","Normal",14.02
1089,"2026-01-19 19:55:17","2026-01-19 20:02:17","OPD","Normal",7.31
1090,"2026-02-06 08:16:09","2026-02-06 08:23:09","Lab","Urgent",7.0
1091,"2026-01-21 22:45:44","2026-01-21 23:08:44","Radiology","Critical",23.23
1092,"2026-02-11 09:41:34","2026-02-11 09:48:34","ER","Normal",6.57
1093,"2026-01-25 16:56:32","2026-01-25 17:21:32","ER","Urgent",25.06
1094,"2026-01-21 10:05:12","2026-01-21 10:13:12","OPD","Critical",8.11
1095,"2026-01-23 23:29:21","2026-01-23 23:46:21","Radiology","Normal",16.71
1096,"2026-02-17 15:48:37","2026-02-17 16:07:37","Radiology","Critical",18.53
1097,"2026-01-26 16:21:58","2026-01-26 16:29:58","OPD","Critical",8.39
1098,"2026-01-29 13:00:18","2026-01-29 13:11:18","Lab","Critical",10.65
1099,"2026-01-30 15:07:05","2026-01-30 15:25:05","Radiology","Urgent",18.4
1100,"2026-02-21 04:06:44","2026-02-21 04:41:44","OPD","Critical",34.94
1101,"2026-02-01 17:56:29","2026-02-01 18:06:29","ER","Urgent",9.53
1102,"2026-01-25 12:49:37","2026-01-25 13:21:37","OPD","Urgent",31.96
1103,"2026-01-24 18:26:54","2026-01-24 18:33:54","ER","Urgent",6.86
1104,"2026-02-15 08:51:31","2026-02-15 09:11:31","OPD","Normal",20.21
1105,"2026-01-17 08:15:17","2026-01-17 08:48:17","Radiology","Critical",32.53
1106,"2026-01-12 01:53:30","2026-01-12 02:17:30","Lab","Normal",23.78
1107,"2026-01-17 04:17:23","2026-01-17 04:33:23","Radiology","Normal",15.52
1108,"2026-02-01 22:10:41","2026-02-01 22:34:41","Lab","Critical",24.19
1109,"2026-02-09 11:40:55","2026-02-09 11:45:55","ER","Urgent",5.34
1110,"2026-02-08 02:32:57","2026-02-08 02:38:57","OPD","Urgent",6.41
1111,"2026-02-02 00:11:10","2026-02-02 00:21:10","ER","Urgent",9.66
1112,"2026-02-02 01:22:52","2026-02-02 01:40:52","Lab","Urgent",18.05
1113,"2026-01-04 02:39:04","2026-01-04 03:02:04","Radiology","Urgent",22.98
1114,"2026-01-31 05:33:17","2026-01-31 05:47:17","ER","Critical",14.12
1115,"2026-02-07 10:33:06","2026-02-07 11:00:06","Radiology","Normal",26.92
1116,"2026-01-14 01:22:30","2026-01-14 01:56:30","ER","Normal",33.57
1117,"2026-01-07 00:58:46","2026-01-07 01:16:46","Radiology","Urgent",18.44
1118,"2026-02-24 08:39:40","2026-02-24 08:59:40","Radiology","Urgent",19.97
1119,"2026-02-06 11:28:27","2026-02-06 11:59:27","Lab","Critical",31.3
1120,"2026-01-09 18:05:28","2026-01-09 18:17:28","Lab","Critical",12.08
1121,"2026-02-17 19:52:00","2026-02-17 20:26:00","OPD","Urgent",34.12
1122,"2026-02-05 20:57:55","2026-02-05 21:26:55","ER","Urgent",28.99
1123,"2026-01-31 13:53:35","2026-01-31 14:18:35","Radiology","Critical",25.22
1124,"2026-01-23 19:10:18","2026-01-23 19:26:18","Lab","Critical",15.78
1125,"2026-01-04 02:34:16","2026-01-04 02:58:16","ER","Urgent",24.39
1126,"2026-03-01 01:04:14","2026-03-01 01:27:14","ER","Critical",22.78
1127,"2026-01-21 14:57:26","2026-01-21 15:29:26","OPD","Urgent",31.8
1128,"2026-01-12 03:42:44","2026-01-12 04:00:44","Lab","Normal",18.01
1129,"2026-02-25 13:46:48","2026-02-25 14:02:48","ER","Urgent",16.3
1130,"2026-02-08 09:52:53","2026-02-08 09:58:53","ER","Critical",5.89
1131,"2026-02-03 17:10:09","2026-02-03 17:35:09","Lab","Critical",24.89
1132,"2026-02-23 00:38:56","2026-02-23 01:12:56","ER","Normal",33.72
1133,"2026-02-07 07:54:10","2026-02-07 08:20:10","Lab","Normal",25.8
1134,"2026-02-18 18:09:40","2026-02-18 18:23:40","ER","Critical",13.83
1135,"2026-01-20 21:09:29","2026-01-20 21:38:29","Radiology","Urgent",28.91
1136,"2026-02-20 02:14:45","2026-02-20 02:34:45","Radiology","Critical",19.73
1137,"2026-02-01 16:34:18","2026-02-01 17:03:18","OPD","Critical",29.44
1138,"2026-02-02 06:11:54","2026-02-02 06:37:54","Radiology","Critical",25.56
1139,"2026-02-07 15:43:41","2026-02-07 15:51:41","Lab","Normal",7.88
1140,"2026-02-12 20:45:45","2026-02-12 21:04:45","ER","Urgent",19.01
1141,"2026-01-13 15:37:54","2026-01-13 15:53:54","OPD","Critical",16.49
1142,"2026-01-28 07:54:17","2026-01-28 08:14:17","ER","Critical",19.91
1143,"2026-01-10 05:13:02","2026-01-10 05:32:02","Radiology","Normal",18.87
1144,"2026-02-17 21:17:34","2026-02-17 21:33:34","OPD","Urgent",16.36
1145,"2026-01-19 16:50:21","2026-01-19 17:09:21","OPD","Normal",19.16
1146,"2026-01-16 19:12:55","2026-01-16 19:23:55","ER","Critical",10.83
1147,"2026-01-05 18:52:27","2026-01-05 19:10:27","Radiology","Critical",17.73
1148,"2026-01-02 21:28:57","2026-01-02 21:56:57","Lab","Critical",27.57
1149,"2026-01-23 07:43:53","2026-01-23 08:07:53","ER","Urgent",24.14
1150,"2026-01-03 23:51:57","2026-01-04 00:23:57","OPD","Normal",31.61
1151,"2026-02-28 23:45:25","2026-03-01 00:08:25","ER","Normal",23.34
1152,"2026-01-11 23:35:00","2026-01-12 00:04:00","Lab","Critical",29.39
1153,"2026-01-09 20:50:38","2026-01-09 21:05:38","ER","Normal",14.67
1154,"2026-02-22 07:16:03","2026-02-22 07:43:03","ER","Critical",26.97
1155,"2026-01-02 12:24:55","2026-01-02 12:30:55","ER","Critical",5.86
1156,"2026-01-04 21:52:24","2026-01-04 22:14:24","Lab","Urgent",21.93
1157,"2026-01-19 16:58:18","2026-01-19 17:10:18","OPD","Normal",12.34
1158,"2026-02-09 17:37:08","2026-02-09 17:48:08","Radiology","Urgent",10.87
1159,"2026-02-23 12:35:06","2026-02-23 12:50:06","ER","Critical",15.17
1160,"2026-01-21 09:35:47","2026-01-21 09:54:47","OPD","Critical",18.83
1161,"2026-01-22 16:13:53","2026-01-22 16:38:53","OPD","Urgent",25.28
1162,"2026-01-23 14:05:47","2026-01-23 14:26:47","OPD","Normal",20.7
1163,"2026-02-21 16:24:52","2026-02-21 16:50:52","Radiology","Normal",26.42
1164,"2026-02-28 00:23:09","2026-02-28 00:42:09","Lab","Critical",19.43
1165,"2026-02-23 02:47:00","2026-02-23 02:58:00","OPD","Normal",10.61
1166,"2026-01-20 11:30:36","2026-01-20 11:39:36","Lab","Normal",8.81
1167,"2026-02-09 02:28:36","2026-02-09 02:47:36","OPD","Normal",19.29
1168,"2026-01-15 13:12:44","2026-01-15 13:20:44","Radiology","Urgent",7.97
1169,"2026-01-24 11:12:47","2026-01-24 11:27:47","Lab","Urgent",15.21
1170,"2026-01-31 15:53:43","2026-01-31 16:19:43","Radiology","Normal",25.95
1171,"2026-02-06 07:53:40","2026-02-06 08:26:40","Radiology","Urgent",33.18
1172,"2026-01-18 04:16:50","2026-01-18 04:41:50","Lab","Urgent",25.23
1173,"2026-01-10 12:47:37","2026-01-10 12:57:37","OPD","Urgent",10.3
1174,"2026-01-19 09:30:17","2026-01-19 09:35:17","ER","Normal",5.48
1175,"2026-01-18 15:54:06","2026-01-18 16:05:06","ER","Critical",11.18
1176,"2026-01-09 04:25:06","2026-01-09 04:40:06","OPD","Urgent",15.09
1177,"2026-02-26 11:30:38","2026-02-26 11:55:38","OPD","Critical",24.56
1178,"2026-02-19 14:17:24","2026-02-19 14:36:24","Radiology","Urgent",18.52
1179,"2026-01-17 09:10:27","2026-01-17 09:39:27","ER","Normal",29.23
1180,"2026-02-11 21:16:40","2026-02-11 21:35:40","OPD","Critical",19.34
1181,"2026-01-21 03:14:17","2026-01-21 03:35:17","Lab","Normal",21.33
1182,"2026-02-03 11:13:11","2026-02-03 11:47:11","ER","Normal",34.04
1183,"2026-01-09 10:06:09","2026-01-09 10:39:09","ER","Critical",32.54
1184,"2026-02-27 12:22:26","2026-02-27 12:42:26","Lab","Normal",20.38
1185,"2026-01-26 18:02:02","2026-01-26 18:21:02","Radiology","Urgent",18.55
1186,"2026-02-03 23:24:28","2026-02-03 23:39:28","ER","Critical",15.37
1187,"2026-01-28 16:09:00","2026-01-28 16:43:00","OPD","Urgent",34.3
1188,"2026-01-20 19:30:38","2026-01-20 20:04:38","Radiology","Critical",33.64
1189,"2026-02-24 08:03:06","2026-02-24 08:19:06","ER","Normal",16.25
1190,"2026-02-22 05:24:45","2026-02-22 05:39:45","ER","Urgent",15.31
1191,"2026-01-13 04:23:34","2026-01-13 04:43:34","Radiology","Normal",20.01
1192,"2026-01-09 12:18:30","2026-01-09 12:48:30","Lab","Normal",29.5
1193,"2026-01-14 01:57:22","2026-01-14 02:19:22","ER","Urgent",22.27
1194,"2026-01-18 10:00:41","2026-01-18 10:13:41","Lab","Normal",13.23
1195,"2026-02-24 11:28:36","2026-02-24 11:48:36","Lab","Critical",19.79
1196,"2026-02-25 05:37:39","2026-02-25 06:09:39","Radiology","Critical",32.46
1197,"2026-01-13 16:37:25","2026-01-13 16:44:25","Lab","Critical",6.88
1198,"2026-03-01 14:05:26","2026-03-01 14:20:26","Radiology","Normal",15.44
1199,"2026-01-31 06:36:55","2026-01-31 06:49:55","Lab","Normal",12.56
1200,"2026-02-07 23:43:37","2026-02-07 23:55:37","OPD","Normal",12.29
1201,"2026-01-18 18:33:21","2026-01-18 19:06:21","Radiology","Critical",33.06
1202,"2026-01-20 02:48:16","2026-01-20 02:58:16","Radiology","Critical",10.47
1203,"2026-01-18 10:56:12","2026-01-18 11:24:12","Radiology","Urgent",27.79
1204,"2026-02-28 20:08:43","2026-02-28 20:38:43","OPD","Normal",30.43
1205,"2026-02-17 23:59:01","2026-02-18 00:10:01","Lab","Critical",10.61
1206,"2026-02-27 18:37:24","2026-02-27 18:56:24","OPD","Normal",19.22
1207,"2026-01-30 05:13:38","2026-01-30 05:32:38","Radiology","Critical",19.26
1208,"2026-01-02 20:29:10","2026-01-02 20:55:10","OPD","Urgent",25.59
1209,"2026-01-10 03:24:31","2026-01-10 03:55:31","Radiology","Urgent",30.84
1210,"2026-02-15 13:50:02","2026-02-15 14:19:02","Radiology","Urgent",29.42
1211,"2026-01-13 04:56:06","2026-01-13 05:15:06","Lab","Critical",19.11
1212,"2026-01-15 20:11:01","2026-01-15 20:27:01","ER","Critical",15.64
1213,"2026-01-22 19:19:15","2026-01-22 19:40:15","Lab","Urgent",21.3
1214,"2026-02-07 00:15:31","2026-02-07 00:38:31","ER","Normal",22.64
1215,"2026-01-09 11:47:05","2026-01-09 12:12:05","Radiology","Urgent",24.87
1216,"2026-02-04 13:15:05","2026-02-04 13:36:05","Radiology","Critical",21.13
1217,"2026-01-04 14:44:18","2026-01-04 15:11:18","Lab","Critical",27.1
1218,"2026-01-01 21:53:19","2026-01-01 22:03:19","Radiology","Critical",9.84
1219,"2026-01-21 02:01:18","2026-01-21 02:27:18","Lab","Urgent",26.06
1220,"2026-02-05 00:31:10","2026-02-05 00:56:10","Lab","Normal",24.77
1221,"2026-01-06 14:25:33","2026-01-06 14:37:33","Radiology","Normal",11.92
1222,"2026-02-14 10:02:12","2026-02-14 10:28:12","ER","Normal",25.6
1223,"2026-01-22 18:07:10","2026-01-22 18:36:10","Radiology","Urgent",29.42
1224,"2026-01-25 02:02:16","2026-01-25 02:25:16","Radiology","Critical",22.94
1225,"2026-01-19 23:19:59","2026-01-19 23:29:59","Radiology","Critical",10.31
1226,"2026-02-26 14:14:52","2026-02-26 14:27:52","OPD","Normal",12.95
1227,"2026-02-24 21:02:09","2026-02-24 21:23:09","Radiology","Critical",21.0
1228,"2026-01-19 13:13:37","2026-01-19 13:33:37","Lab","Critical",19.96
1229,"2026-02-28 01:00:09","2026-02-28 01:30:09","OPD","Normal",30.14
1230,"2026-02-15 16:33:40","2026-02-15 16:39:40","Radiology","Critical",5.98
1231,"2026-02-20 07:15:17","2026-02-20 07:29:17","ER","Critical",14.22
1232,"2026-02-22 18:57:59","2026-02-22 19:27:59","Lab","Critical",29.93
1233,"2026-02-22 13:55:34","2026-02-22 14:04:34","ER","Normal",8.84
1234,"2026-01-20 00:27:21","2026-01-20 00:49:21","Radiology","Normal",22.26
1235,"2026-02-14 12:21:08","2026-02-14 12:56:08","Radiology","Normal",34.93
1236,"2026-02-17 23:59:01","2026-02-18 00:20:01","OPD","Critical",21.45
1237,"2026-01-19 01:53:38","2026-01-19 02:07:38","Lab","Critical",14.3
1238,"2026-02-03 02:58:37","2026-02-03 03:29:37","Lab","Normal",31.02
1239,"2026-02-27 03:42:43","2026-02-27 03:58:43","Radiology","Normal",16.02
1240,"2026-01-02 00:07:12","2026-01-02 00:33:12","Lab","Urgent",26.38
1241,"2026-02-05 04:33:32","2026-02-05 04:58:32","Lab","Normal",24.74
1242,"2026-02-18 18:03:50","2026-02-18 18:09:50","Lab","Critical",5.58
1243,"2026-01-12 18:40:48","2026-01-12 18:53:48","Radiology","Critical",13.36
1244,"2026-02-01 00:08:54","2026-02-01 00:14:54","Lab","Normal",5.78
1245,"2026-01-22 01:50:12","2026-01-22 02:04:12","OPD","Urgent",14.1
1246,"2026-02-07 18:01:25","2026-02-07 18:34:25","Radiology","Critical",33.07
1247,"2026-01-22 09:25:11","2026-01-22 09:40:11","Lab","Critical",15.38
1248,"2026-01-20 19:02:49","2026-01-20 19:33:49","OPD","Critical",30.91
1249,"2026-01-17 10:09:10","2026-01-17 10:20:10","ER","Urgent",11.39
1250,"2026-01-10 19:37:13","2026-01-10 19:44:13","Radiology","Urgent",7.45
1251,"2026-02-27 03:27:30","2026-02-27 03:54:30","Radiology","Normal",27.19
1252,"2026-01-26 05:01:49","2026-01-26 05:10:49","OPD","Urgent",9.01
1253,"2026-02-28 05:20:26","2026-02-28 05:53:26","Radiology","Critical",33.06
1254,"2026-02-18 08:25:43","2026-02-18 08:59:43","OPD","Critical",34.05
1255,"2026-02-18 10:26:19","2026-02-18 10:43:19","Lab","Urgent",16.65
1256,"2026-02-06 17:47:11","2026-02-06 18:15:11","Radiology","Urgent",27.76
1257,"2026-02-08 23:14:02","2026-02-08 23:41:02","Lab","Urgent",27.12
1258,"2026-01-11 00:33:06","2026-01-11 00:50:06","Lab","Urgent",17.23
1259,"2026-02-11 11:18:19","2026-02-11 11:25:19","OPD","Critical",7.26
1260,"2026-02-02 17:02:46","2026-02-02 17:33:46","Lab","Urgent",30.58
1261,"2026-01-01 11:09:01","2026-01-01 11:23:01","Lab","Urgent",14.16
1262,"2026-01-30 19:50:54","2026-01-30 20:15:54","Radiology","Urgent",25.43
1263,"2026-02-23 00:49:28","2026-02-23 01:19:28","Lab","Critical",30.34
1264,"2026-02-24 19:05:05","2026-02-24 19:28:05","ER","Critical",22.66
1265,"2026-02-08 23:22:18","2026-02-08 23:42:18","Lab","Critical",19.75
1266,"2026-02-19 14:38:42","2026-02-19 15:11:42","ER","Normal",32.65
1267,"2026-03-01 10:08:12","2026-03-01 10:23:12","Lab","Urgent",14.82
1268,"2026-02-13 10:42:07","2026-02-13 11:05:07","Radiology","Critical",22.66
1269,"2026-01-09 17:43:45","2026-01-09 18:02:45","Radiology","Normal",18.55
1270,"2026-01-19 06:16:34","2026-01-19 06:29:34","OPD","Critical",12.8
1271,"2026-02-05 20:39:00","2026-02-05 21:00:00","Radiology","Normal",21.04
1272,"2026-01-21 22:38:27","2026-01-21 22:54:27","Lab","Urgent",15.53
1273,"2026-01-19 21:13:09","2026-01-19 21:21:09","Lab","Normal",8.3
1274,"2026-02-10 20:20:52","2026-02-10 20:34:52","OPD","Urgent",14.14
1275,"2026-01-02 04:34:37","2026-01-02 04:58:37","ER","Urgent",23.62
1276,"2026-02-09 17:46:51","2026-02-09 17:58:51","ER","Critical",12.04
1277,"2026-02-04 16:06:33","2026-02-04 16:17:33","OPD","Normal",11.22
1278,"2026-02-03 05:12:38","2026-02-03 05:20:38","Radiology","Normal",7.72
1279,"2026-01-06 02:28:33","2026-01-06 02:43:33","OPD","Urgent",15.4
1280,"2026-01-20 19:13:48","2026-01-20 19:36:48","Radiology","Critical",22.71
1281,"2026-01-19 11:22:50","2026-01-19 11:40:50","ER","Normal",17.69
1282,"2026-02-22 17:55:34","2026-02-22 18:10:34","Radiology","Normal",14.67
1283,"2026-02-05 18:51:56","2026-02-05 19:04:56","Lab","Critical",13.13
1284,"2026-01-23 02:53:58","2026-01-23 03:22:58","Radiology","Critical",29.15
1285,"2026-01-09 18:25:11","2026-01-09 18:36:11","Lab","Normal",10.65
1286,"2026-01-16 11:07:41","2026-01-16 11:25:41","OPD","Urgent",17.81
1287,"2026-02-03 20:56:47","2026-02-03 21:08:47","OPD","Urgent",11.95
1288,"2026-02-15 19:16:42","2026-02-15 19:49:42","OPD","Normal",32.63
1289,"2026-01-07 19:49:41","2026-01-07 19:58:41","OPD","Critical",9.01
1290,"2026-01-12 07:33:24","2026-01-12 07:45:24","Lab","Urgent",12.24
1291,"2026-01-29 01:55:03","2026-01-29 02:27:03","ER","Normal",32.2
1292,"2026-01-15 21:40:55","2026-01-15 21:59:55","Lab","Urgent",18.79
1293,"2026-01-18 09:35:20","2026-01-18 09:48:20","Lab","Normal",13.36
1294,"2026-01-21 20:47:55","2026-01-21 21:04:55","Radiology","Critical",16.61
1295,"2026-02-17 21:16:19","2026-02-17 21:24:19","ER","Urgent",8.24
1296,"2026-02-04 19:40:52","2026-02-04 20:06:52","Lab","Urgent",25.75
1297,"2026-01-25 11:40:35","2026-01-25 12:00:35","OPD","Normal",20.13
1298,"2026-02-28 10:54:30","2026-02-28 11:28:30","Radiology","Critical",33.55
1299,"2026-01-07 11:48:29","2026-01-07 12:10:29","Lab","Normal",22.16
1300,"2026-01-12 22:40:10","2026-01-12 22:48:10","Radiology","Urgent",8.37
1301,"2026-02-01 03:15:12","2026-02-01 03:24:12","ER","Urgent",9.46
1302,"2026-02-21 23:41:20","2026-02-22 00:12:20","Radiology","Critical",31.32
1303,"2026-01-10 13:50:20","2026-01-10 14:22:20","Radiology","Critical",31.56
1304,"2026-02-03 20:00:30","2026-02-03 20:22:30","ER","Critical",22.28
1305,"2026-01-30 05:57:04","2026-01-30 06:26:04","Lab","Urgent",29.22
1306,"2026-02-01 12:33:23","2026-02-01 12:46:23","Radiology","Critical",13.34
1307,"2026-02-13 08:49:05","2026-02-13 09:21:05","OPD","Critical",32.49
1308,"2026-01-22 15:32:45","2026-01-22 16:02:45","ER","Critical",30.27
1309,"2026-01-13 10:02:05","2026-01-13 10:27:05","Radiology","Normal",25.34
1310,"2026-02-15 22:44:23","2026-02-15 23:01:23","Lab","Normal",16.51
1311,"2026-02-24 02:57:52","2026-02-24 03:22:52","Lab","Normal",24.55
1312,"2026-01-23 14:56:41","2026-01-23 15:15:41","ER","Urgent",18.94
1313,"2026-01-16 13:56:29","2026-01-16 14:19:29","ER","Critical",22.9
1314,"2026-02-01 19:25:29","2026-02-01 19:59:29","ER","Critical",33.99
1315,"2026-02-18 13:30:20","2026-02-18 13:39:20","ER","Urgent",8.82
1316,"2026-02-10 11:03:30","2026-02-10 11:20:30","Radiology","Urgent",16.76
1317,"2026-02-14 11:08:43","2026-02-14 11:18:43","Lab","Normal",10.2
1318,"2026-02-03 23:07:02","2026-02-03 23:34:02","Radiology","Urgent",26.94
1319,"2026-01-08 18:28:43","2026-01-08 18:58:43","Radiology","Urgent",30.3
1320,"2026-02-04 01:45:08","2026-02-04 01:50:08","OPD","Urgent",5.24
1321,"2026-01-18 16:15:13","2026-01-18 16:35:13","Lab","Urgent",19.68
1322,"2026-01-04 09:08:52","2026-01-04 09:20:52","Radiology","Critical",12.01
1323,"2026-01-28 21:09:32","2026-01-28 21:27:32","Radiology","Normal",18.42
1324,"2026-02-19 12:32:13","2026-02-19 12:52:13","ER","Normal",20.45
1325,"2026-01-28 18:21:03","2026-01-28 18:40:03","Radiology","Critical",18.71
1326,"2026-02-21 22:52:45","2026-02-21 23:27:45","OPD","Normal",34.89
1327,"2026-02-01 01:11:51","2026-02-01 01:40:51","OPD","Urgent",28.53
1328,"2026-01-22 21:32:00","2026-01-22 21:47:00","Lab","Critical",15.22
1329,"2026-01-16 16:59:03","2026-01-16 17:12:03","Lab","Normal",12.74
1330,"2026-01-15 01:23:38","2026-01-15 01:56:38","Radiology","Normal",32.67
1331,"2026-01-10 14:28:12","2026-01-10 14:47:12","Radiology","Normal",19.05
1332,"2026-02-25 02:20:21","2026-02-25 02:52:21","Lab","Normal",31.72
1333,"2026-01-01 14:21:38","2026-01-01 14:44:38","Radiology","Normal",22.59
1334,"2026-01-03 08:16:49","2026-01-03 08:49:49","Lab","Critical",33.48
1335,"2026-02-05 20:58:35","2026-02-05 21:06:35","Lab","Critical",7.96
1336,"2026-02-24 20:14:38","2026-02-24 20:48:38","ER","Urgent",33.87
1337,"2026-01-06 12:36:06","2026-01-06 12:43:06","ER","Urgent",7.41
1338,"2026-02-02 18:37:17","2026-02-02 18:59:17","OPD","Urgent",22.36
1339,"2026-02-24 14:24:52","2026-02-24 14:57:52","ER","Critical",33.4
1340,"2026-02-23 03:54:34","2026-02-23 04:26:34","Radiology","Critical",31.74
1341,"2026-01-13 05:25:04","2026-01-13 05:32:04","Lab","Critical",6.76
1342,"2026-01-08 05:37:57","2026-01-08 06:09:57","ER","Critical",32.1
1343,"2026-02-21 05:07:27","2026-02-21 05:14:27","Radiology","Normal",7.32
1344,"2026-01-01 05:27:06","2026-01-01 05:42:06","Lab","Critical",14.92
1345,"2026-01-10 14:56:32","2026-01-10 15:06:32","OPD","Normal",9.51
1346,"2026-02-12 03:39:47","2026-02-12 04:08:47","Radiology","Critical",29.11
1347,"2026-02-28 22:11:24","2026-02-28 22:30:24","OPD","Normal",19.45
1348,"2026-02-26 18:28:42","2026-02-26 18:37:42","Radiology","Normal",8.93
1349,"2026-03-01 04:43:44","2026-03-01 05:14:44","OPD","Urgent",31.17
1350,"2026-02-16 05:20:24","2026-02-16 05:45:24","ER","Critical",24.95
1351,"2026-01-20 08:38:02","2026-01-20 08:55:02","ER","Normal",16.86
1352,"2026-01-17 08:56:14","2026-01-17 09:25:14","ER","Critical",28.52
1353,"2026-01-28 14:08:07","2026-01-28 14:38:07","Radiology","Urgent",30.25
1354,"2026-02-06 20:32:01","2026-02-06 20:43:01","ER","Urgent",11.31
1355,"2026-01-27 18:04:36","2026-01-27 18:39:36","Lab","Normal",34.56
1356,"2026-01-12 01:08:44","2026-01-12 01:41:44","ER","Critical",33.48
1357,"2026-01-03 08:43:54","2026-01-03 09:13:54","Radiology","Urgent",29.69
1358,"2026-02-05 22:12:41","2026-02-05 22:30:41","OPD","Normal",18.17
1359,"2026-01-11 23:17:56","2026-01-11 23:49:56","Radiology","Normal",31.62
1360,"2026-01-14 00:29:06","2026-01-14 00:57:06","ER","Urgent",27.72
1361,"2026-02-07 07:13:25","2026-02-07 07:45:25","Lab","Critical",31.74
1362,"2026-02-09 14:25:23","2026-02-09 14:43:23","ER","Normal",18.13
1363,"2026-01-02 18:05:04","2026-01-02 18:39:04","Lab","Urgent",33.58
1364,"2026-02-03 18:45:47","2026-02-03 18:58:47","Lab","Critical",12.87
1365,"2026-02-15 02:53:48","2026-02-15 03:22:48","Lab","Critical",28.67
1366,"2026-01-21 01:50:18","2026-01-21 02:08:18","ER","Urgent",17.93
1367,"2026-02-21 11:56:46","2026-02-21 12:28:46","Radiology","Critical",32.14
1368,"2026-01-18 12:40:10","2026-01-18 12:56:10","ER","Normal",16.36
1369,"2026-02-10 18:03:04","2026-02-10 18:25:04","Radiology","Critical",21.78
1370,"2026-01-19 05:22:03","2026-01-19 05:32:03","Radiology","Critical",10.12
1371,"2026-01-10 18:59:44","2026-01-10 19:11:44","Lab","Urgent",11.68
1372,"2026-01-23 08:47:18","2026-01-23 09:08:18","OPD","Normal",20.55
1373,"2026-02-08 11:49:14","2026-02-08 12:17:14","Radiology","Critical",28.11
1374,"2026-02-21 06:39:51","2026-02-21 06:53:51","Radiology","Urgent",13.71
1375,"2026-01-11 08:20:30","2026-01-11 08:30:30","OPD","Normal",9.84
1376,"2026-02-25 17:25:37","2026-02-25 17:53:37","ER","Normal",28.02
1377,"2026-02-05 21:47:04","2026-02-05 21:56:04","Radiology","Critical",9.28
1378,"2026-01-03 12:33:04","2026-01-03 13:00:04","Lab","Urgent",27.02
1379,"2026-02-26 20:30:06","2026-02-26 20:41:06","ER","Normal",10.73
1380,"2026-02-06 15:29:35","2026-02-06 15:37:35","Lab","Normal",7.54
1381,"2026-02-14 05:31:57","2026-02-14 05:53:57","Lab","Normal",22.38
1382,"2026-01-23 18:42:40","2026-01-23 19:12:40","ER","Normal",30.13
1383,"2026-01-31 17:53:02","2026-01-31 18:09:02","OPD","Urgent",16.0
1384,"2026-01-01 10:39:19","2026-01-01 11:11:19","OPD","Normal",32.01
1385,"2026-01-02 22:10:39","2026-01-02 22:17:39","OPD","Critical",7.37
1386,"2026-01-24 23:51:00","2026-01-25 00:03:00","Radiology","Normal",11.62
1387,"2026-02-04 00:11:25","2026-02-04 00:24:25","Lab","Urgent",13.03
1388,"2026-01-02 05:29:33","2026-01-02 06:02:33","Lab","Urgent",33.25
1389,"2026-01-07 20:31:52","2026-01-07 20:46:52","OPD","Normal",15.13
1390,"2026-02-01 21:22:27","2026-02-01 21:43:27","Radiology","Urgent",20.52
1391,"2026-01-04 04:20:10","2026-01-04 04:26:10","ER","Critical",6.46
1392,"2026-01-08 20:00:44","2026-01-08 20:30:44","Lab","Critical",29.67
1393,"2026-01-30 09:03:01","2026-01-30 09:10:01","Radiology","Normal",6.79
1394,"2026-01-22 19:16:04","2026-01-22 19:48:04","OPD","Urgent",32.15
1395,"2026-02-28 19:47:33","2026-02-28 20:08:33","Lab","Critical",20.96
1396,"2026-02-20 20:10:47","2026-02-20 20:22:47","Lab","Urgent",12.0
1397,"2026-01-14 14:31:31","2026-01-14 15:02:31","Lab","Normal",31.24
1398,"2026-01-09 11:38:28","2026-01-09 11:48:28","OPD","Normal",10.2
1399,"2026-01-09 08:22:17","2026-01-09 08:45:17","Lab","Urgent",23.46
1400,"2026-01-17 08:31:56","2026-01-17 08:36:56","ER","Critical",5.39
1401,"2026-01-14 16:33:08","2026-01-14 16:55:08","ER","Normal",21.81
1402,"2026-01-11 18:18:31","2026-01-11 18:28:31","OPD","Critical",10.33
1403,"2026-01-03 19:12:14","2026-01-03 19:34:14","Lab","Normal",22.23
1404,"2026-01-29 15:57:29","2026-01-29 16:20:29","OPD","Normal",22.56
1405,"2026-01-06 06:08:55","2026-01-06 06:22:55","ER","Critical",13.88
1406,"2026-01-22 00:23:16","2026-01-22 00:32:16","Lab","Critical",9.47
1407,"2026-01-03 19:03:38","2026-01-03 19:13:38","Lab","Normal",9.63
1408,"2026-02-06 02:25:35","2026-02-06 02:57:35","Lab","Normal",32.26
1409,"2026-02-06 08:21:16","2026-02-06 08:30:16","Radiology","Normal",9.12
1410,"2026-01-04 05:04:31","2026-01-04 05:23:31","ER","Urgent",19.15
1411,"2026-01-18 08:11:30","2026-01-18 08:37:30","Lab","Urgent",26.43
1412,"2026-02-17 22:38:51","2026-02-17 23:08:51","Radiology","Urgent",30.39
1413,"2026-02-10 00:35:30","2026-02-10 00:53:30","ER","Urgent",17.98
1414,"2026-01-06 00:31:19","2026-01-06 01:02:19","ER","Critical",31.27
1415,"2026-02-10 11:09:56","2026-02-10 11:24:56","Lab","Critical",15.12
1416,"2026-02-02 19:33:41","2026-02-02 20:02:41","OPD","Urgent",29.34
1417,"2026-02-27 21:11:26","2026-02-27 21:43:26","Lab","Critical",31.93
1418,"2026-02-05 19:56:37","2026-02-05 20:06:37","ER","Urgent",9.77
1419,"2026-02-11 12:18:09","2026-02-11 12:48:09","ER","Critical",30.14
1420,"2026-02-26 12:22:05","2026-02-26 12:43:05","Radiology","Normal",21.17
1421,"2026-01-03 05:46:56","2026-01-03 06:21:56","Radiology","Urgent",34.99
1422,"2026-01-31 21:30:24","2026-01-31 21:43:24","Radiology","Critical",13.08
1423,"2026-02-05 20:27:41","2026-02-05 20:44:41","ER","Urgent",16.58
1424,"2026-01-15 20:15:36","2026-01-15 20:39:36","OPD","Urgent",24.2
1425,"2026-01-28 11:52:03","2026-01-28 12:03:03","Lab","Urgent",10.8
1426,"2026-01-09 05:31:41","2026-01-09 05:52:41","OPD","Normal",21.1
1427,"2026-02-25 22:56:10","2026-02-25 23:13:10","OPD","Critical",17.42
1428,"2026-02-16 03:20:05","2026-02-16 03:40:05","ER","Urgent",19.83
1429,"2026-01-14 06:03:17","2026-01-14 06:10:17","Lab","Critical",7.23
1430,"2026-01-29 06:39:47","2026-01-29 06:56:47","Lab","Normal",16.96
1431,"2026-02-15 19:02:30","2026-02-15 19:28:30","OPD","Critical",26.47
1432,"2026-02-06 15:36:29","2026-02-06 15:46:29","ER","Urgent",10.06
1433,"2026-02-11 19:13:45","2026-02-11 19:43:45","ER","Critical",30.41
1434,"2026-01-30 03:24:28","2026-01-30 03:55:28","Radiology","Normal",31.28
1435,"2026-01-10 19:21:49","2026-01-10 19:52:49","Radiology","Urgent",30.74
1436,"2026-02-13 05:44:54","2026-02-13 05:59:54","OPD","Urgent",14.95
1437,"2026-02-26 19:16:54","2026-02-26 19:29:54","Lab","Normal",13.16
1438,"2026-01-22 04:04:57","2026-01-22 04:22:57","ER","Normal",17.51
1439,"2026-01-21 06:33:45","2026-01-21 06:39:45","ER","Normal",6.14
1440,"2026-01-20 00:15:17","2026-01-20 00:28:17","OPD","Critical",13.28
1441,"2026-01-19 11:50:33","2026-01-19 12:12:33","Radiology","Critical",22.49
1442,"2026-01-04 09:21:08","2026-01-04 09:46:08","ER","Normal",24.94
1443,"2026-01-25 16:36:32","2026-01-25 17:03:32","OPD","Normal",27.02
1444,"2026-02-04 19:24:27","2026-02-04 19:58:27","ER","Urgent",34.04
1445,"2026-02-09 07:32:11","2026-02-09 07:52:11","Lab","Critical",20.16
1446,"2026-02-15 04:58:22","2026-02-15 05:30:22","OPD","Urgent",32.19
1447,"2026-01-22 15:17:10","2026-01-22 15:49:10","OPD","Urgent",31.99
1448,"2026-02-09 16:22:36","2026-02-09 16:32:36","Radiology","Urgent",9.83
1449,"2026-02-08 11:06:58","2026-02-08 11:21:58","Radiology","Normal",15.3
1450,"2026-01-19 14:20:12","2026-01-19 14:47:12","Lab","Urgent",27.06
1451,"2026-01-24 09:04:42","2026-01-24 09:20:42","Lab","Critical",16.13
1452,"2026-02-02 08:40:46","2026-02-02 09:07:46","ER","Critical",27.12
1453,"2026-01-27 09:45:12","2026-01-27 10:14:12","Lab","Critical",29.42
1454,"2026-01-17 02:24:03","2026-01-17 02:42:03","OPD","Urgent",17.98
1455,"2026-01-24 09:30:05","2026-01-24 09:49:05","ER","Urgent",19.13
1456,"2026-01-01 16:34:52","2026-01-01 16:55:52","Lab","Critical",20.51
1457,"2026-01-22 21:43:50","2026-01-22 21:54:50","Radiology","Critical",11.44
1458,"2026-01-18 14:35:28","2026-01-18 15:02:28","Radiology","Normal",26.93
1459,"2026-01-06 04:39:03","2026-01-06 04:56:03","Lab","Critical",16.57
1460,"2026-02-25 05:21:00","2026-02-25 05:27:00","OPD","Critical",6.4
1461,"2026-02-10 18:23:06","2026-02-10 18:50:06","Lab","Critical",27.21
1462,"2026-01-30 16:43:41","2026-01-30 16:53:41","OPD","Urgent",10.49
1463,"2026-02-14 00:33:45","2026-02-14 01:04:45","ER","Normal",30.58
1464,"2026-02-04 14:01:06","2026-02-04 14:25:06","OPD","Critical",23.73
1465,"2026-01-17 10:46:21","2026-01-17 10:54:21","Lab","Critical",7.98
1466,"2026-01-21 15:31:58","2026-01-21 15:51:58","OPD","Normal",20.01
1467,"2026-02-19 15:11:22","2026-02-19 15:34:22","OPD","Urgent",22.83
1468,"2026-02-21 15:53:26","2026-02-21 16:07:26","Radiology","Normal",14.21
1469,"2026-01-20 20:09:07","2026-01-20 20:18:07","Lab","Critical",9.26
1470,"2026-02-10 08:59:10","2026-02-10 09:30:10","OPD","Normal",31.03
1471,"2026-01-02 09:59:11","2026-01-02 10:08:11","Lab","Urgent",8.84
1472,"2026-02-05 09:31:29","2026-02-05 09:53:29","ER","Normal",22.17
1473,"2026-01-27 10:06:25","2026-01-27 10:40:25","Lab","Normal",34.15
1474,"2026-01-16 07:11:58","2026-01-16 07:45:58","ER","Critical",33.62
1475,"2026-02-17 18:48:16","2026-02-17 19:08:16","ER","Normal",19.86
1476,"2026-01-31 10:51:14","2026-01-31 11:16:14","Radiology","Critical",25.23
1477,"2026-02-04 15:48:07","2026-02-04 15:59:07","OPD","Critical",11.36
1478,"2026-01-02 04:55:21","2026-01-02 05:03:21","OPD","Normal",7.98
1479,"2026-01-07 00:32:18","2026-01-07 01:03:18","Radiology","Urgent",30.71
1480,"2026-02-18 01:59:56","2026-02-18 02:33:56","OPD","Normal",33.62
1481,"2026-02-14 18:05:45","2026-02-14 18:35:45","Radiology","Normal",29.68
1482,"2026-02-25 20:59:57","2026-02-25 21:32:57","Radiology","Critical",32.62
1483,"2026-01-01 01:01:27","2026-01-01 01:10:27","Lab","Critical",9.38
1484,"2026-02-18 18:26:06","2026-02-18 18:45:06","Radiology","Critical",19.01
1485,"2026-02-14 00:19:39","2026-02-14 00:36:39","Radiology","Critical",17.38
1486,"2026-02-16 11:08:01","2026-02-16 11:33:01","Radiology","Normal",24.68
1487,"2026-01-13 00:20:55","2026-01-13 00:42:55","ER","Critical",21.79
1488,"2026-02-27 09:45:06","2026-02-27 10:16:06","OPD","Urgent",30.61
1489,"2026-02-27 04:36:05","2026-02-27 04:55:05","Lab","Critical",19.32
1490,"2026-01-27 20:25:08","2026-01-27 20:49:08","Radiology","Normal",23.58
1491,"2026-01-18 07:01:17","2026-01-18 07:27:17","Lab","Urgent",26.36
1492,"2026-02-06 10:26:30","2026-02-06 10:32:30","OPD","Urgent",5.64
1493,"2026-02-26 12:46:29","2026-02-26 13:10:29","OPD","Normal",24.0
1494,"2026-03-01 08:02:55","2026-03-01 08:23:55","Lab","Critical",21.15
1495,"2026-02-22 21:59:24","2026-02-22 22:15:24","ER","Critical",16.25
1496,"2026-01-25 02:38:15","2026-01-25 03:12:15","Lab","Critical",33.71
1497,"2026-01-24 11:32:38","2026-01-24 12:03:38","ER","Urgent",31.37
1498,"2026-02-11 01:55:11","2026-02-11 02:00:11","ER","Critical",5.42
1499,"2026-01-09 11:26:11","2026-01-09 11:49:11","Lab","Normal",22.79
1500,"2026-03-01 23:11:55","2026-03-01 23:23:55","ER","Normal",11.74
1501,"2026-01-22 22:51:58","2026-01-22 23:26:58","Radiology","Critical",34.59
1502,"2026-02-02 12:04:04","2026-02-02 12:12:04","Radiology","Normal",7.5
1503,"2026-01-11 07:09:16","2026-01-11 07:36:16","ER","Urgent",26.89
1504,"2026-03-01 12:34:16","2026-03-01 12:55:16","Lab","Urgent",20.74
1505,"2026-01-23 12:25:52","2026-01-23 12:57:52","OPD","Normal",31.57
1506,"2026-01-23 05:40:08","2026-01-23 05:54:08","OPD","Normal",13.58
1507,"2026-02-13 01:31:48","2026-02-13 01:48:48","Radiology","Normal",16.54
1508,"2026-01-10 17:37:58","2026-01-10 18:04:58","ER","Urgent",26.86
1509,"2026-01-31 20:11:47","2026-01-31 20:39:47","OPD","Urgent",28.4
1510,"2026-01-11 03:06:38","2026-01-11 03:26:38","Radiology","Urgent",19.97
1511,"2026-01-17 07:05:21","2026-01-17 07:10:21","OPD","Critical",5.44
1512,"2026-01-29 19:40:10","2026-01-29 20:04:10","Radiology","Critical",24.41
1513,"2026-02-15 04:28:02","2026-02-15 04:54:02","ER","Normal",25.56
1514,"2026-01-25 11:02:58","2026-01-25 11:28:58","ER","Critical",25.76
1515,"2026-02-19 20:11:54","2026-02-19 20:41:54","Lab","Normal",29.86
1516,"2026-02-24 09:02:38","2026-02-24 09:13:38","OPD","Critical",11.44
1517,"2026-02-04 02:01:14","2026-02-04 02:20:14","Lab","Urgent",18.87
1518,"2026-01-27 08:31:38","2026-01-27 08:43:38","Radiology","Urgent",12.15
1519,"2026-02-09 01:14:58","2026-02-09 01:28:58","Lab","Urgent",13.72
1520,"2026-02-10 01:56:00","2026-02-10 02:14:00","ER","Urgent",18.1
1521,"2026-01-25 09:57:57","2026-01-25 10:10:57","ER","Normal",13.0
1522,"2026-01-28 21:44:28","2026-01-28 21:50:28","Radiology","Critical",6.35
1523,"2026-02-04 02:00:42","2026-02-04 02:29:42","OPD","Critical",29.21
1524,"2026-01-11 08:59:03","2026-01-11 09:09:03","OPD","Critical",9.96
1525,"2026-01-18 14:41:55","2026-01-18 14:56:55","Radiology","Critical",15.12
1526,"2026-02-10 17:58:23","2026-02-10 18:13:23","Lab","Critical",15.1
1527,"2026-01-11 06:10:39","2026-01-11 06:21:39","OPD","Urgent",10.66
1528,"2026-02-07 15:04:32","2026-02-07 15:21:32","ER","Critical",16.57
1529,"2026-01-16 14:38:16","2026-01-16 14:45:16","Lab","Urgent",6.77
1530,"2026-01-27 07:41:37","2026-01-27 07:46:37","Lab","Urgent",5.11
1531,"2026-01-24 13:16:17","2026-01-24 13:35:17","ER","Critical",18.9
1532,"2026-01-07 16:59:22","2026-01-07 17:23:22","Radiology","Urgent",24.24
1533,"2026-02-03 00:26:53","2026-02-03 00:45:53","Lab","Normal",18.59
1534,"2026-02-12 01:36:00","2026-02-12 01:52:00","Radiology","Normal",16.43
1535,"2026-02-24 08:32:03","2026-02-24 09:05:03","ER","Critical",33.34
1536,"2026-02-26 13:42:25","2026-02-26 13:51:25","Radiology","Normal",9.18
1537,"2026-01-02 02:12:31","2026-01-02 02:27:31","Lab","Normal",14.5
1538,"2026-02-22 07:23:47","2026-02-22 07:37:47","Radiology","Critical",13.56
1539,"2026-02-03 06:03:43","2026-02-03 06:13:43","ER","Urgent",10.39
1540,"2026-01-29 16:09:01","2026-01-29 16:28:01","Radiology","Urgent",19.39
1541,"2026-01-02 08:32:24","2026-01-02 09:06:24","Lab","Normal",33.91
1542,"2026-01-03 13:08:20","2026-01-03 13:32:20","ER","Urgent",24.12
1543,"2026-02-13 22:55:37","2026-02-13 23:16:37","OPD","Urgent",20.53
1544,"2026-02-20 07:43:36","2026-02-20 08:18:36","OPD","Critical",34.59
1545,"2026-01-21 01:13:49","2026-01-21 01:28:49","Lab","Critical",14.71
1546,"2026-02-11 12:10:37","2026-02-11 12:19:37","Lab","Urgent",9.07
1547,"2026-01-13 21:04:39","2026-01-13 21:17:39","Lab","Urgent",12.82
1548,"2026-02-05 03:17:40","2026-02-05 03:34:40","ER","Normal",16.73
1549,"2026-01-29 22:47:25","2026-01-29 23:21:25","OPD","Critical",34.02
1550,"2026-01-04 14:15:38","2026-01-04 14:25:38","Lab","Normal",9.87
1551,"2026-01-28 21:26:43","2026-01-28 21:40:43","ER","Normal",14.25
1552,"2026-02-06 08:39:26","2026-02-06 09:02:26","ER","Critical",23.06
1553,"2026-01-13 08:22:56","2026-01-13 08:44:56","ER","Critical",21.77
1554,"2026-01-31 13:57:04","2026-01-31 14:30:04","ER","Normal",32.72
1555,"2026-01-10 02:20:44","2026-01-10 02:46:44","ER","Critical",26.07
1556,"2026-02-13 10:34:02","2026-02-13 10:41:02","ER","Normal",7.47
1557,"2026-01-04 02:36:29","2026-01-04 02:53:29","Radiology","Normal",16.86
1558,"2026-01-08 14:39:33","2026-01-08 15:10:33","ER","Urgent",31.43
1559,"2026-01-19 16:55:03","2026-01-19 17:04:03","Lab","Critical",8.86
1560,"2026-02-09 07:23:48","2026-02-09 07:52:48","ER","Normal",29.22
1561,"2026-01-28 14:46:46","2026-01-28 15:06:46","ER","Critical",19.9
1562,"2026-02-18 06:18:09","2026-02-18 06:52:09","OPD","Normal",33.64
1563,"2026-02-07 04:42:10","2026-02-07 04:55:10","Lab","Normal",13.34
1564,"2026-01-29 22:37:51","2026-01-29 23:11:51","OPD","Critical",34.08
1565,"2026-01-15 13:29:17","2026-01-15 14:02:17","ER","Critical",33.48
1566,"2026-01-11 09:19:44","2026-01-11 09:28:44","ER","Critical",8.84
1567,"2026-02-13 19:20:33","2026-02-13 19:55:33","Radiology","Normal",34.87
1568,"2026-01-24 22:53:11","2026-01-24 23:02:11","OPD","Critical",9.15
1569,"2026-02-17 19:21:36","2026-02-17 19:50:36","Lab","Critical",29.49
1570,"2026-02-27 10:44:13","2026-02-27 11:12:13","Radiology","Urgent",28.07
1571,"2026-02-22 02:38:13","2026-02-22 03:03:13","Lab","Normal",25.1
1572,"2026-01-21 10:47:52","2026-01-21 11:09:52","Radiology","Critical",21.75
1573,"2026-02-03 10:04:51","2026-02-03 10:17:51","Lab","Urgent",12.96
1574,"2026-01-27 15:09:17","2026-01-27 15:37:17","Lab","Urgent",28.19
1575,"2026-01-08 13:31:40","2026-01-08 13:54:40","Lab","Critical",22.88
1576,"2026-01-18 04:33:35","2026-01-18 05:01:35","ER","Normal",28.36
1577,"2026-01-04 12:15:24","2026-01-04 12:44:24","Radiology","Urgent",28.91
1578,"2026-02-21 18:47:06","2026-02-21 19:02:06","ER","Urgent",15.18
1579,"2026-01-18 02:30:16","2026-01-18 03:01:16","OPD","Urgent",30.8
1580,"2026-02-22 09:31:41","2026-02-22 09:49:41","Lab","Urgent",18.29
1581,"2026-01-27 17:18:35","2026-01-27 17:32:35","ER","Normal",13.66
1582,"2026-01-02 05:32:56","2026-01-02 05:40:56","OPD","Normal",7.94
1583,"2026-02-27 21:11:52","2026-02-27 21:24:52","OPD","Urgent",13.18
1584,"2026-01-15 05:28:26","2026-01-15 05:51:26","OPD","Urgent",22.95
1585,"2026-01-12 16:33:17","2026-01-12 16:43:17","ER","Urgent",9.57
1586,"2026-02-07 02:56:43","2026-02-07 03:25:43","ER","Urgent",29.09
1587,"2026-01-27 05:21:03","2026-01-27 05:27:03","Radiology","Critical",6.15
1588,"2026-02-17 12:50:09","2026-02-17 12:58:09","ER","Urgent",8.04
1589,"2026-01-21 09:16:16","2026-01-21 09:41:16","OPD","Urgent",24.83
1590,"2026-01-23 04:18:52","2026-01-23 04:38:52","OPD","Normal",20.37
1591,"2026-01-17 08:55:24","2026-01-17 09:06:24","ER","Normal",10.58
1592,"2026-02-08 23:19:55","2026-02-08 23:32:55","OPD","Normal",12.76
1593,"2026-02-11 08:08:09","2026-02-11 08:31:09","Radiology","Critical",23.37
1594,"2026-02-12 12:45:06","2026-02-12 12:54:06","Lab","Critical",8.83
1595,"2026-01-20 18:51:29","2026-01-20 19:00:29","Lab","Normal",8.93
1596,"2026-02-11 11:26:43","2026-02-11 11:50:43","ER","Normal",24.27
1597,"2026-01-24 22:19:13","2026-01-24 22:45:13","OPD","Urgent",26.2
1598,"2026-02-18 08:50:13","2026-02-18 09:05:13","OPD","Urgent",15.23
1599,"2026-01-12 23:09:16","2026-01-12 23:37:16","ER","Normal",27.82
1600,"2026-01-07 02:14:45","2026-01-07 02:27:45","ER","Urgent",13.33
1601,"2026-02-10 22:53:43","2026-02-10 23:18:43","ER","Critical",24.56
1602,"2026-02-23 15:11:40","2026-02-23 15:21:40","ER","Normal",9.52
1603,"2026-01-19 21:11:17","2026-01-19 21:42:17","OPD","Critical",30.68
1604,"2026-02-02 12:46:15","2026-02-02 13:02:15","OPD","Critical",16.45
1605,"2026-01-30 00:11:46","2026-01-30 00:35:46","Lab","Urgent",23.57
1606,"2026-02-24 16:55:08","2026-02-24 17:14:08","Lab","Critical",18.5
1607,"2026-02-04 03:20:23","2026-02-04 03:30:23","ER","Urgent",10.33
1608,"2026-01-19 15:10:32","2026-01-19 15:28:32","OPD","Critical",18.24
1609,"2026-01-26 14:44:42","2026-01-26 15:19:42","Lab","Critical",34.51
1610,"2026-01-17 12:23:54","2026-01-17 12:48:54","OPD","Urgent",24.9
1611,"2026-02-20 10:21:41","2026-02-20 10:50:41","Lab","Urgent",29.47
1612,"2026-01-01 05:46:26","2026-01-01 05:51:26","ER","Critical",5.49
1613,"2026-01-18 13:11:05","2026-01-18 13:33:05","Radiology","Normal",21.83
1614,"2026-03-01 22:45:56","2026-03-01 22:54:56","Lab","Normal",8.78
1615,"2026-01-01 20:38:55","2026-01-01 21:05:55","Lab","Normal",26.77
1616,"2026-03-01 06:32:04","2026-03-01 06:58:04","Lab","Urgent",25.8
1617,"2026-02-10 16:47:52","2026-02-10 16:54:52","OPD","Urgent",7.34
1618,"2026-02-09 00:24:14","2026-02-09 00:48:14","ER","Normal",23.64
1619,"2026-01-07 01:56:33","2026-01-07 02:24:33","Lab","Urgent",27.98
1620,"2026-01-06 09:39:34","2026-01-06 09:57:34","Radiology","Urgent",18.46
1621,"2026-02-10 11:50:38","2026-02-10 12:20:38","ER","Normal",29.55
1622,"2026-01-12 16:05:41","2026-01-12 16:20:41","ER","Urgent",15.07
1623,"2026-01-04 01:11:12","2026-01-04 01:42:12","ER","Critical",30.59
1624,"2026-02-10 15:23:23","2026-02-10 15:39:23","Radiology","Critical",16.34
1625,"2026-01-13 22:37:59","2026-01-13 23:00:59","OPD","Critical",23.11
1626,"2026-01-08 12:39:00","2026-01-08 12:58:00","ER","Normal",19.47
1627,"2026-02-03 09:45:22","2026-02-03 10:08:22","OPD","Urgent",22.55
1628,"2026-02-18 17:42:52","2026-02-18 18:03:52","ER","Critical",20.52
1629,"2026-02-01 05:53:00","2026-02-01 05:59:00","Lab","Normal",5.69
1630,"2026-02-19 07:07:58","2026-02-19 07:13:58","Lab","Critical",5.59
1631,"2026-02-08 02:04:19","2026-02-08 02:35:19","OPD","Critical",30.6
1632,"2026-01-11 12:58:52","2026-01-11 13:07:52","ER","Critical",8.61
1633,"2026-02-20 12:41:57","2026-02-20 12:51:57","OPD","Critical",10.12
1634,"2026-02-07 16:22:44","2026-02-07 16:50:44","Radiology","Urgent",28.26
1635,"2026-01-13 05:22:49","2026-01-13 05:30:49","Radiology","Urgent",8.3
1636,"2026-01-01 14:47:14","2026-01-01 15:21:14","Lab","Normal",33.64
1637,"2026-01-02 04:18:11","2026-01-02 04:39:11","Lab","Normal",21.49
1638,"2026-02-24 14:14:27","2026-02-24 14:24:27","ER","Normal",9.91
1639,"2026-01-31 00:03:48","2026-01-31 00:27:48","Lab","Urgent",24.21
1640,"2026-02-18 20:16:19","2026-02-18 20:31:19","ER","Normal",14.62
1641,"2026-02-13 12:09:30","2026-02-13 12:17:30","OPD","Urgent",8.04
1642,"2026-02-16 08:22:50","2026-02-16 08:51:50","Lab","Critical",29.07
1643,"2026-01-14 17:42:01","2026-01-14 18:16:01","ER","Urgent",33.76
1644,"2026-02-27 16:27:46","2026-02-27 16:57:46","OPD","Critical",30.16
1645,"2026-01-14 13:01:50","2026-01-14 13:07:50","Lab","Urgent",6.09
1646,"2026-02-02 16:01:37","2026-02-02 16:21:37","Radiology","Urgent",19.65
1647,"2026-01-29 01:49:09","2026-01-29 02:12:09","Lab","Critical",23.09
1648,"2026-01-24 21:51:04","2026-01-24 22:04:04","ER","Urgent",12.61
1649,"2026-02-17 03:37:27","2026-02-17 03:46:27","OPD","Critical",8.83
1650,"2026-01-17 01:10:47","2026-01-17 01:23:47","Lab","Normal",13.13
1651,"2026-01-06 15:06:43","2026-01-06 15:30:43","Radiology","Critical",23.54
1652,"2026-01-31 23:53:40","2026-01-31 23:59:40","Lab","Urgent",5.53
1653,"2026-02-05 11:46:21","2026-02-05 11:52:21","OPD","Normal",5.97
1654,"2026-01-03 14:36:43","2026-01-03 15:02:43","OPD","Urgent",25.8
1655,"2026-01-01 02:22:07","2026-01-01 02:33:07","ER","Urgent",11.05
1656,"2026-01-03 12:55:14","2026-01-03 13:29:14","Radiology","Normal",34.42
1657,"2026-01-23 15:54:22","2026-01-23 16:01:22","ER","Normal",6.91
1658,"2026-01-08 17:18:24","2026-01-08 17:36:24","Radiology","Urgent",17.96
1659,"2026-02-02 15:47:35","2026-02-02 15:52:35","OPD","Normal",5.06
1660,"2026-01-17 07:12:05","2026-01-17 07:38:05","Radiology","Normal",26.48
1661,"2026-01-06 14:51:22","2026-01-06 15:09:22","Radiology","Critical",18.04
1662,"2026-01-08 00:23:57","2026-01-08 00:31:57","ER","Urgent",8.24
1663,"2026-02-01 13:38:06","2026-02-01 14:06:06","OPD","Critical",28.28
1664,"2026-03-01 12:32:45","2026-03-01 12:50:45","ER","Urgent",17.67
1665,"2026-02-09 06:50:55","2026-02-09 06:56:55","ER","Normal",6.09
1666,"2026-01-14 12:54:05","2026-01-14 13:05:05","OPD","Critical",11.08
1667,"2026-01-22 06:28:21","2026-01-22 06:50:21","Lab","Normal",21.65
1668,"2026-01-19 23:06:45","2026-01-19 23:38:45","Lab","Critical",32.33
1669,"2026-02-11 11:22:16","2026-02-11 11:43:16","Lab","Normal",21.46
1670,"2026-01-30 12:15:07","2026-01-30 12:31:07","OPD","Urgent",15.79
1671,"2026-02-12 17:22:19","2026-02-12 17:56:19","Lab","Critical",33.55
1672,"2026-01-24 22:14:27","2026-01-24 22:26:27","Radiology","Critical",12.08
1673,"2026-01-07 05:30:11","2026-01-07 06:02:11","ER","Normal",31.58
1674,"2026-01-19 14:07:51","2026-01-19 14:35:51","Radiology","Normal",27.52
1675,"2026-02-21 09:08:40","2026-02-21 09:34:40","Radiology","Critical",25.57
1676,"2026-02-07 23:59:19","2026-02-08 00:17:19","OPD","Critical",18.16
1677,"2026-02-21 23:25:59","2026-02-21 23:57:59","Radiology","Urgent",31.53
1678,"2026-02-19 22:28:46","2026-02-19 22:56:46","OPD","Normal",28.44
1679,"2026-01-19 04:24:09","2026-01-19 04:41:09","ER","Critical",16.85
1680,"2026-02-02 01:17:08","2026-02-02 01:29:08","Lab","Critical",11.93
1681,"2026-02-11 12:24:27","2026-02-11 12:37:27","ER","Critical",12.5
1682,"2026-01-04 23:42:00","2026-01-05 00:16:00","Lab","Urgent",34.41
1683,"2026-02-14 20:08:35","2026-02-14 20:14:35","Radiology","Critical",5.72
1684,"2026-02-26 21:26:34","2026-02-26 21:55:34","ER","Critical",28.78
1685,"2026-02-12 11:16:49","2026-02-12 11:48:49","OPD","Critical",32.06
1686,"2026-02-28 20:19:22","2026-02-28 20:31:22","ER","Critical",11.57
1687,"2026-01-05 09:04:16","2026-01-05 09:10:16","ER","Normal",6.39
1688,"2026-02-05 01:16:54","2026-02-05 01:25:54","Radiology","Urgent",9.43
1689,"2026-01-29 16:56:26","2026-01-29 17:29:26","ER","Critical",32.9
1690,"2026-02-16 18:52:31","2026-02-16 18:58:31","Radiology","Critical",6.32
1691,"2026-02-12 14:03:13","2026-02-12 14:30:13","Lab","Urgent",27.15
1692,"2026-01-18 03:31:46","2026-01-18 03:55:46","OPD","Normal",24.39
1693,"2026-02-02 00:19:45","2026-02-02 00:50:45","Radiology","Critical",31.24
1694,"2026-02-21 19:05:40","2026-02-21 19:28:40","OPD","Urgent",23.27
1695,"2026-02-22 18:44:09","2026-02-22 18:51:09","Lab","Normal",6.54
1696,"2026-02-18 07:47:58","2026-02-18 07:59:58","Radiology","Critical",12.0
1697,"2026-01-01 05:39:51","2026-01-01 06:10:51","OPD","Critical",31.01
1698,"2026-01-07 15:06:54","2026-01-07 15:26:54","ER","Urgent",20.12
1699,"2026-02-04 21:43:18","2026-02-04 22:07:18","OPD","Normal",23.63
1700,"2026-02-05 10:15:27","2026-02-05 10:25:27","Radiology","Urgent",9.54
1701,"2026-01-25 06:53:49","2026-01-25 07:16:49","Radiology","Critical",23.23
1702,"2026-01-01 22:52:43","2026-01-01 23:03:43","Radiology","Normal",10.59
1703,"2026-02-09 16:45:24","2026-02-09 17:12:24","Lab","Normal",26.58
1704,"2026-02-09 06:24:35","2026-02-09 06:46:35","Radiology","Normal",22.39
1705,"2026-02-23 01:20:01","2026-02-23 01:43:01","OPD","Critical",23.21
1706,"2026-01-18 10:15:42","2026-01-18 10:26:42","ER","Normal",10.74
1707,"2026-01-01 03:48:14","2026-01-01 04:07:14","OPD","Critical",18.75
1708,"2026-01-23 17:34:32","2026-01-23 18:02:32","Lab","Normal",27.66
1709,"2026-02-14 08:19:38","2026-02-14 08:51:38","OPD","Normal",32.03
1710,"2026-02-19 16:42:11","2026-02-19 17:15:11","ER","Normal",32.76
1711,"2026-01-14 14:42:20","2026-01-14 14:57:20","ER","Critical",15.33
1712,"2026-02-13 19:08:37","2026-02-13 19:17:37","Lab","Critical",9.16
1713,"2026-03-01 23:10:16","2026-03-01 23:36:16","OPD","Critical",25.73
1714,"2026-02-10 13:07:21","2026-02-10 13:35:21","Lab","Urgent",27.56
1715,"2026-02-20 08:12:02","2026-02-20 08:46:02","OPD","Normal",34.19
1716,"2026-01-03 21:57:35","2026-01-03 22:26:35","Radiology","Urgent",28.66
1717,"2026-02-12 03:57:24","2026-02-12 04:22:24","ER","Normal",24.73
1718,"2026-01-07 10:28:50","2026-01-07 10:55:50","OPD","Normal",27.41
1719,"2026-02-22 10:25:38","2026-02-22 10:57:38","Radiology","Normal",32.08
1720,"2026-01-04 15:40:37","2026-01-04 15:47:37","ER","Urgent",6.93
1721,"2026-01-06 20:39:00","2026-01-06 21:13:00","Lab","Critical",34.37
1722,"2026-02-04 05:08:04","2026-02-04 05:32:04","OPD","Critical",23.73
1723,"2026-02-10 16:32:03","2026-02-10 17:02:03","ER","Urgent",30.32
1724,"2026-01-25 23:22:24","2026-01-25 23:54:24","ER","Urgent",31.94
1725,"2026-02-20 05:49:39","2026-02-20 06:14:39","Lab","Normal",24.51
1726,"2026-01-31 09:38:35","2026-01-31 09:52:35","Radiology","Normal",13.97
1727,"2026-02-28 03:36:39","2026-02-28 04:08:39","Lab","Urgent",32.27
1728,"2026-01-24 01:28:13","2026-01-24 01:49:13","Lab","Critical",21.33
1729,"2026-01-20 19:53:22","2026-01-20 19:59:22","ER","Normal",5.96
1730,"2026-01-14 06:59:57","2026-01-14 07:30:57","Lab","Normal",31.16
1731,"2026-01-13 21:44:46","2026-01-13 22:04:46","Radiology","Urgent",19.85
1732,"2026-02-20 04:02:20","2026-02-20 04:13:20","OPD","Urgent",10.54
1733,"2026-01-23 07:55:20","2026-01-23 08:09:20","OPD","Normal",13.68
1734,"2026-02-25 14:11:14","2026-02-25 14:24:14","Lab","Critical",13.46
1735,"2026-02-09 00:37:06","2026-02-09 00:52:06","Lab","Urgent",14.78
1736,"2026-01-03 22:59:19","2026-01-03 23:34:19","Radiology","Critical",34.84
1737,"2026-01-14 11:03:32","2026-01-14 11:29:32","Radiology","Critical",26.08
1738,"2026-02-27 11:07:53","2026-02-27 11:27:53","Lab","Urgent",20.01
1739,"2026-01-20 18:22:28","2026-01-20 18:49:28","Lab","Normal",26.52
1740,"2026-01-26 00:49:44","2026-01-26 01:11:44","Lab","Critical",21.73
1741,"2026-01-26 20:02:27","2026-01-26 20:11:27","OPD","Urgent",8.89
1742,"2026-02-23 14:54:36","2026-02-23 15:08:36","Radiology","Normal",13.73
1743,"2026-02-09 10:53:10","2026-02-09 11:07:10","Lab","Normal",14.02
1744,"2026-01-10 06:15:24","2026-01-10 06:36:24","ER","Critical",20.75
1745,"2026-02-10 16:20:27","2026-02-10 16:46:27","OPD","Critical",25.78
1746,"2026-01-04 10:08:37","2026-01-04 10:15:37","ER","Normal",7.34
1747,"2026-02-08 19:42:43","2026-02-08 20:07:43","OPD","Urgent",24.58
1748,"2026-01-19 11:38:09","2026-01-19 12:00:09","Radiology","Critical",22.24
1749,"2026-01-16 18:28:29","2026-01-16 18:40:29","OPD","Urgent",12.43
1750,"2026-01-12 18:24:31","2026-01-12 18:43:31","Lab","Normal",18.55
1751,"2026-02-28 17:47:12","2026-02-28 18:19:12","Lab","Critical",32.01
1752,"2026-02-25 01:45:54","2026-02-25 01:57:54","OPD","Critical",11.67
1753,"2026-02-02 04:42:14","2026-02-02 04:57:14","Radiology","Normal",14.51
1754,"2026-02-12 06:31:03","2026-02-12 06:58:03","Lab","Normal",27.32
1755,"2026-01-12 06:33:36","2026-01-12 06:54:36","ER","Normal",21.04
1756,"2026-01-23 18:15:00","2026-01-23 18:22:00","ER","Normal",7.19
1757,"2026-02-23 16:23:17","2026-02-23 16:50:17","Radiology","Urgent",26.86
1758,"2026-01-10 14:54:10","2026-01-10 15:28:10","OPD","Critical",34.4
1759,"2026-02-01 16:14:06","2026-02-01 16:24:06","OPD","Normal",10.03
1760,"2026-01-06 17:33:56","2026-01-06 17:43:56","Lab","Critical",9.83
1761,"2026-01-01 06:01:49","2026-01-01 06:27:49","OPD","Normal",25.52
1762,"2026-02-11 21:37:09","2026-02-11 21:58:09","Lab","Urgent",21.2
1763,"2026-01-12 14:57:31","2026-01-12 15:25:31","ER","Normal",27.95
1764,"2026-02-22 19:44:22","2026-02-22 20:08:22","Lab","Normal",24.07
1765,"2026-01-17 14:59:14","2026-01-17 15:06:14","OPD","Critical",6.58
1766,"2026-02-13 13:47:38","2026-02-13 14:11:38","Radiology","Normal",23.5
1767,"2026-02-09 13:23:42","2026-02-09 13:36:42","OPD","Critical",13.16
1768,"2026-01-19 21:13:18","2026-01-19 21:27:18","Lab","Normal",13.94
1769,"2026-02-03 02:02:20","2026-02-03 02:14:20","Lab","Critical",12.27
1770,"2026-02-08 12:24:46","2026-02-08 12:30:46","ER","Normal",5.6
1771,"2026-02-01 12:29:23","2026-02-01 12:40:23","OPD","Urgent",10.96
1772,"2026-01-12 14:35:45","2026-01-12 14:55:45","Radiology","Critical",20.02
1773,"2026-02-18 10:43:35","2026-02-18 11:09:35","ER","Critical",25.71
1774,"2026-01-18 00:56:57","2026-01-18 01:07:57","ER","Critical",10.92
1775,"2026-01-01 08:49:10","2026-01-01 09:18:10","Radiology","Critical",28.53
1776,"2026-01-06 20:14:33","2026-01-06 20:19:33","Lab","Urgent",5.11
1777,"2026-02-24 12:52:20","2026-02-24 13:18:20","Lab","Urgent",25.8
1778,"2026-02-22 15:32:59","2026-02-22 15:53:59","ER","Urgent",20.87
1779,"2026-01-21 18:58:31","2026-01-21 19:12:31","OPD","Urgent",14.05
1780,"2026-02-16 17:03:48","2026-02-16 17:25:48","Lab","Critical",22.48
1781,"2026-02-27 19:48:26","2026-02-27 20:05:26","ER","Urgent",17.04
1782,"2026-01-31 11:44:33","2026-01-31 12:02:33","Lab","Normal",17.88
1783,"2026-01-14 23:20:41","2026-01-14 23:46:41","Radiology","Critical",26.19
1784,"2026-02-13 00:07:26","2026-02-13 00:26:26","ER","Critical",18.67
1785,"2026-02-28 23:39:21","2026-02-28 23:47:21","Lab","Urgent",7.85
1786,"2026-01-09 15:56:17","2026-01-09 16:22:17","ER","Normal",25.66
1787,"2026-02-23 22:43:44","2026-02-23 23:04:44","Radiology","Urgent",21.12
1788,"2026-02-12 01:02:38","2026-02-12 01:22:38","OPD","Urgent",20.08
1789,"2026-02-01 05:04:12","2026-02-01 05:37:12","ER","Critical",33.42
1790,"2026-02-09 22:32:27","2026-02-09 22:43:27","ER","Normal",11.35
1791,"2026-01-12 00:54:39","2026-01-12 01:26:39","Radiology","Normal",31.94
1792,"2026-01-11 22:36:51","2026-01-11 23:08:51","ER","Urgent",32.38
1793,"2026-02-09 02:55:27","2026-02-09 03:07:27","ER","Urgent",12.23
1794,"2026-02-22 11:15:40","2026-02-22 11:44:40","OPD","Urgent",28.95
1795,"2026-01-09 01:47:55","2026-01-09 02:02:55","ER","Critical",14.86
1796,"2026-01-20 16:51:34","2026-01-20 16:56:34","ER","Urgent",5.44
1797,"2026-02-13 21:10:19","2026-02-13 21:29:19","ER","Critical",18.75
1798,"2026-01-16 16:23:03","2026-01-16 16:57:03","ER","Urgent",34.26
1799,"2026-01-25 16:51:26","2026-01-25 17:09:26","Radiology","Urgent",18.33
1800,"2026-01-03 14:56:03","2026-01-03 15:13:03","Radiology","Urgent",17.48
1801,"2026-02-08 13:01:00","2026-02-08 13:28:00","Lab","Critical",26.53
1802,"2026-02-17 15:08:53","2026-02-17 15:28:53","ER","Critical",20.05
1803,"2026-01-16 13:28:19","2026-01-16 14:00:19","Radiology","Critical",32.4
1804,"2026-02-09 09:56:55","2026-02-09 10:21:55","OPD","Normal",25.11
1805,"2026-01-19 17:13:53","2026-01-19 17:45:53","Lab","Normal",31.65
1806,"2026-02-17 16:36:01","2026-02-17 16:53:01","Lab","Urgent",16.63
1807,"2026-01-23 02:12:36","2026-01-23 02:18:36","ER","Normal",5.7
1808,"2026-02-24 13:28:45","2026-02-24 13:50:45","ER","Critical",22.4
1809,"2026-01-06 04:23:55","2026-01-06 04:30:55","ER","Critical",7.11
1810,"2026-02-28 08:55:17","2026-02-28 09:03:17","Lab","Normal",8.44
1811,"2026-02-11 15:46:48","2026-02-11 16:11:48","OPD","Urgent",25.26
1812,"2026-01-21 09:56:00","2026-01-21 10:12:00","Radiology","Normal",16.03
1813,"2026-01-28 17:01:38","2026-01-28 17:17:38","OPD","Critical",15.84
1814,"2026-02-20 19:45:10","2026-02-20 19:55:10","OPD","Critical",10.06
1815,"2026-01-08 20:04:04","2026-01-08 20:28:04","Radiology","Normal",23.89
1816,"2026-01-12 03:21:09","2026-01-12 03:34:09","Lab","Normal",12.69
1817,"2026-01-07 04:26:51","2026-01-07 04:59:51","OPD","Critical",33.46
1818,"2026-01-20 06:00:30","2026-01-20 06:24:30","ER","Critical",23.91
1819,"2026-02-11 20:38:38","2026-02-11 20:53:38","Lab","Normal",14.9
1820,"2026-01-19 18:14:43","2026-01-19 18:24:43","Radiology","Critical",10.17
1821,"2026-02-14 02:01:53","2026-02-14 02:17:53","Lab","Critical",16.11
1822,"2026-02-11 10:56:46","2026-02-11 11:03:46","OPD","Critical",7.24
1823,"2026-01-29 14:00:33","2026-01-29 14:22:33","OPD","Critical",21.7
1824,"2026-01-27 06:32:03","2026-01-27 07:04:03","ER","Critical",31.68
1825,"2026-02-06 02:30:43","2026-02-06 02:35:43","ER","Critical",5.2
1826,"2026-02-25 20:20:18","2026-02-25 20:34:18","Lab","Critical",13.51
1827,"2026-02-01 04:41:09","2026-02-01 05:09:09","ER","Normal",27.82
1828,"2026-02-26 07:52:33","2026-02-26 08:24:33","Lab","Urgent",31.8
1829,"2026-02-23 17:55:38","2026-02-23 18:23:38","ER","Urgent",28.16
1830,"2026-01-13 15:09:08","2026-01-13 15:26:08","OPD","Critical",17.49
1831,"2026-02-09 01:06:17","2026-02-09 01:19:17","OPD","Normal",12.61
1832,"2026-01-10 15:37:29","2026-01-10 15:52:29","ER","Critical",15.13
1833,"2026-01-28 13:49:06","2026-01-28 14:02:06","Radiology","Urgent",12.56
1834,"2026-02-06 18:08:32","2026-02-06 18:16:32","Lab","Critical",8.26
1835,"2026-02-23 15:31:42","2026-02-23 16:02:42","Lab","Urgent",30.92
1836,"2026-01-04 16:45:53","2026-01-04 17:06:53","OPD","Urgent",20.72
1837,"2026-02-13 04:35:31","2026-02-13 05:04:31","Radiology","Urgent",28.5
1838,"2026-02-25 01:08:28","2026-02-25 01:21:28","Lab","Critical",13.19
1839,"2026-01-23 19:27:41","2026-01-23 19:37:41","Lab","Critical",10.11
1840,"2026-01-06 06:53:06","2026-01-06 07:07:06","OPD","Urgent",14.24
1841,"2026-01-26 17:13:36","2026-01-26 17:42:36","Lab","Normal",28.74
1842,"2026-02-22 23:07:04","2026-02-22 23:26:04","Lab","Critical",19.31
1843,"2026-01-04 06:05:54","2026-01-04 06:25:54","OPD","Urgent",20.37
1844,"2026-01-07 03:11:21","2026-01-07 03:20:21","OPD","Urgent",8.92
1845,"2026-02-09 23:59:21","2026-02-10 00:13:21","Lab","Normal",14.28
1846,"2026-01-24 02:02:19","2026-01-24 02:22:19","OPD","Urgent",20.27
1847,"2026-02-28 04:08:06","2026-02-28 04:30:06","Radiology","Normal",21.86
1848,"2026-01-24 05:14:00","2026-01-24 05:33:00","ER","Normal",19.44
1849,"2026-01-12 20:10:06","2026-01-12 20:34:06","Lab","Normal",23.75
1850,"2026-01-21 13:51:57","2026-01-21 14:07:57","Lab","Urgent",15.51
1851,"2026-02-09 02:24:54","2026-02-09 02:46:54","Radiology","Normal",21.98
1852,"2026-02-14 17:14:54","2026-02-14 17:40:54","OPD","Urgent",26.17
1853,"2026-02-21 08:35:15","2026-02-21 08:47:15","Lab","Urgent",12.17
1854,"2026-01-14 12:28:24","2026-01-14 12:59:24","Lab","Urgent",30.84
1855,"2026-02-27 06:47:31","2026-02-27 06:54:31","OPD","Critical",6.97
1856,"2026-01-13 23:22:57","2026-01-13 23:49:57","Radiology","Urgent",26.51
1857,"2026-02-20 06:06:15","2026-02-20 06:29:15","OPD","Urgent",23.02
1858,"2026-02-16 07:46:34","2026-02-16 08:18:34","OPD","Urgent",32.45
1859,"2026-02-28 12:48:30","2026-02-28 13:00:30","ER","Urgent",11.78
1860,"2026-01-05 19:23:52","2026-01-05 19:40:52","Lab","Critical",16.61
1861,"2026-01-29 00:03:57","2026-01-29 00:20:57","Lab","Normal",17.12
1862,"2026-02-05 11:26:41","2026-02-05 11:40:41","Lab","Urgent",13.54
1863,"2026-01-01 08:13:05","2026-01-01 08:44:05","OPD","Normal",30.72
1864,"2026-01-04 19:47:13","2026-01-04 20:22:13","Radiology","Normal",34.88
1865,"2026-01-25 01:16:43","2026-01-25 01:25:43","Lab","Critical",9.36
1866,"2026-01-21 11:50:14","2026-01-21 12:00:14","Radiology","Urgent",9.81
1867,"2026-02-10 20:38:36","2026-02-10 20:49:36","Radiology","Critical",10.96
1868,"2026-02-25 01:51:54","2026-02-25 02:00:54","Radiology","Critical",8.88
1869,"2026-02-11 23:41:01","2026-02-11 23:54:01","OPD","Urgent",13.16
1870,"2026-02-10 04:27:28","2026-02-10 04:58:28","OPD","Critical",31.29
1871,"2026-01-03 18:41:04","2026-01-03 19:02:04","Lab","Critical",21.01
1872,"2026-02-07 23:42:52","2026-02-07 23:48:52","OPD","Critical",6.01
1873,"2026-01-25 20:41:32","2026-01-25 20:56:32","OPD","Critical",15.17
1874,"2026-02-20 16:36:11","2026-02-20 16:56:11","Radiology","Urgent",20.15
1875,"2026-01-14 10:51:14","2026-01-14 11:20:14","OPD","Critical",29.08
1876,"2026-01-29 02:04:06","2026-01-29 02:22:06","Radiology","Normal",18.36
1877,"2026-01-24 22:17:58","2026-01-24 22:42:58","ER","Normal",25.27
1878,"2026-02-22 17:12:33","2026-02-22 17:39:33","ER","Critical",27.12
1879,"2026-01-04 16:33:22","2026-01-04 16:43:22","Lab","Critical",10.36
1880,"2026-02-25 12:51:51","2026-02-25 13:14:51","ER","Critical",22.87
1881,"2026-01-30 23:22:22","2026-01-30 23:52:22","Lab","Normal",30.06
1882,"2026-01-23 14:52:28","2026-01-23 15:04:28","ER","Urgent",12.18
1883,"2026-02-20 16:47:22","2026-02-20 17:04:22","OPD","Critical",17.02
1884,"2026-01-18 18:00:32","2026-01-18 18:07:32","OPD","Normal",6.75
1885,"2026-01-02 17:09:22","2026-01-02 17:32:22","Radiology","Normal",22.91
1886,"2026-02-20 09:54:37","2026-02-20 10:01:37","Radiology","Critical",7.32
1887,"2026-02-22 17:39:13","2026-02-22 17:47:13","Radiology","Critical",8.29
1888,"2026-01-25 20:31:31","2026-01-25 20:47:31","Lab","Critical",16.44
1889,"2026-02-23 18:17:10","2026-02-23 18:50:10","ER","Urgent",33.4
1890,"2026-02-17 01:35:49","2026-02-17 02:03:49","Lab","Critical",28.13
1891,"2026-01-30 02:37:31","2026-01-30 03:07:31","Lab","Normal",29.91
1892,"2026-02-22 03:10:08","2026-02-22 03:26:08","ER","Critical",16.07
1893,"2026-02-13 10:17:58","2026-02-13 10:33:58","Lab","Normal",15.63
1894,"2026-02-23 12:04:51","2026-02-23 12:28:51","Lab","Normal",24.29
1895,"2026-01-14 21:33:02","2026-01-14 22:03:02","Lab","Critical",30.42
1896,"2026-01-14 05:18:33","2026-01-14 05:41:33","OPD","Normal",22.8
1897,"2026-02-19 03:28:32","2026-02-19 03:59:32","Radiology","Urgent",30.63
1898,"2026-01-06 18:10:19","2026-01-06 18:44:19","OPD","Urgent",33.71
1899,"2026-02-03 23:27:22","2026-02-04 00:02:22","OPD","Urgent",34.95
1900,"2026-01-28 21:36:05","2026-01-28 22:09:05","ER","Critical",32.57
1901,"2026-02-07 13:24:01","2026-02-07 13:41:01","ER","Critical",16.8
1902,"2026-01-03 14:36:20","2026-01-03 14:54:20","ER","Normal",17.97
1903,"2026-01-13 12:17:24","2026-01-13 12:36:24","Lab","Critical",18.82
1904,"2026-01-01 08:30:43","2026-01-01 08:35:43","ER","Critical",5.17
1905,"2026-01-09 04:07:35","2026-01-09 04:29:35","OPD","Normal",22.44
1906,"2026-01-15 05:57:27","2026-01-15 06:30:27","ER","Critical",33.45
1907,"2026-01-26 05:12:10","2026-01-26 05:23:10","Lab","Critical",10.89
1908,"2026-02-25 06:05:47","2026-02-25 06:27:47","ER","Urgent",21.61
1909,"2026-02-19 13:38:36","2026-02-19 13:44:36","Lab","Critical",5.73
1910,"2026-02-16 09:56:20","2026-02-16 10:14:20","Radiology","Critical",18.41
1911,"2026-01-25 23:56:58","2026-01-26 00:13:58","Lab","Critical",16.6
1912,"2026-01-15 17:41:35","2026-01-15 17:59:35","Lab","Critical",18.49
1913,"2026-01-31 00:49:27","2026-01-31 01:20:27","Radiology","Normal",31.48
1914,"2026-02-18 01:38:28","2026-02-18 01:52:28","ER","Critical",13.56
1915,"2026-01-15 16:13:15","2026-01-15 16:31:15","OPD","Normal",17.99
1916,"2026-01-01 06:51:50","2026-01-01 07:09:50","ER","Normal",18.31
1917,"2026-02-19 08:27:08","2026-02-19 08:34:08","Radiology","Normal",6.59
1918,"2026-02-14 15:11:33","2026-02-14 15:23:33","Radiology","Critical",12.14
1919,"2026-02-01 14:28:48","2026-02-01 14:45:48","OPD","Normal",16.74
1920,"2026-01-25 16:07:38","2026-01-25 16:40:38","OPD","Critical",32.95
1921,"2026-01-23 14:45:01","2026-01-23 15:17:01","OPD","Normal",31.79
1922,"2026-02-28 09:07:27","2026-02-28 09:38:27","OPD","Normal",31.35
1923,"2026-01-13 14:49:43","2026-01-13 15:20:43","Lab","Critical",31.27
1924,"2026-01-20 03:09:56","2026-01-20 03:22:56","OPD","Normal",12.7
1925,"2026-01-21 04:41:35","2026-01-21 04:49:35","OPD","Normal",7.79
1926,"2026-02-07 09:23:05","2026-02-07 09:32:05","Lab","Urgent",8.67
1927,"2026-01-30 06:52:10","2026-01-30 07:09:10","Lab","Normal",17.37
1928,"2026-02-26 12:06:17","2026-02-26 12:25:17","Lab","Critical",19.1
1929,"2026-01-29 19:30:17","2026-01-29 19:58:17","OPD","Normal",28.09
1930,"2026-01-26 21:44:15","2026-01-26 22:18:15","Lab","Normal",33.96
1931,"2026-01-12 20:08:51","2026-01-12 20:34:51","Radiology","Normal",26.39
1932,"2026-02-12 13:55:06","2026-02-12 14:11:06","Lab","Urgent",16.14
1933,"2026-01-26 22:03:22","2026-01-26 22:26:22","Lab","Urgent",22.75
1934,"2026-02-11 05:54:13","2026-02-11 06:24:13","ER","Critical",30.0
1935,"2026-02-17 22:29:01","2026-02-17 23:02:01","ER","Urgent",32.82
1936,"2026-01-22 09:44:34","2026-01-22 10:05:34","Lab","Urgent",21.17
1937,"2026-02-09 08:38:31","2026-02-09 09:06:31","Radiology","Normal",27.87
1938,"2026-01-07 15:01:43","2026-01-07 15:29:43","Lab","Critical",28.06
1939,"2026-02-14 14:53:19","2026-02-14 15:26:19","Lab","Normal",33.49
1940,"2026-01-09 01:32:26","2026-01-09 01:51:26","Radiology","Critical",18.81
1941,"2026-02-21 18:31:25","2026-02-21 19:05:25","OPD","Urgent",34.38
1942,"2026-01-05 12:52:46","2026-01-05 13:14:46","Lab","Urgent",22.38
1943,"2026-01-03 13:13:50","2026-01-03 13:29:50","Radiology","Normal",16.45
1944,"2026-01-28 14:56:37","2026-01-28 15:02:37","Lab","Urgent",5.58
1945,"2026-01-28 22:01:56","2026-01-28 22:29:56","OPD","Normal",27.74
1946,"2026-01-19 10:41:36","2026-01-19 10:59:36","OPD","Critical",18.28
1947,"2026-02-15 11:16:23","2026-02-15 11:33:23","Radiology","Normal",17.33
1948,"2026-01-03 00:33:28","2026-01-03 00:42:28","Lab","Urgent",9.23
1949,"2026-01-11 22:15:34","2026-01-11 22:23:34","ER","Normal",8.4
1950,"2026-02-14 05:48:54","2026-02-14 06:05:54","Radiology","Normal",17.26
1951,"2026-01-10 23:34:53","2026-01-10 23:40:53","Lab","Critical",6.05
1952,"2026-01-21 09:26:44","2026-01-21 09:57:44","OPD","Critical",31.38
1953,"2026-01-07 09:44:31","2026-01-07 10:13:31","Lab","Normal",28.73
1954,"2026-01-06 08:26:35","2026-01-06 08:33:35","Radiology","Normal",6.53
1955,"2026-02-26 18:56:39","2026-02-26 19:13:39","ER","Urgent",16.65
1956,"2026-01-26 06:02:42","2026-01-26 06:09:42","ER","Critical",7.04
1957,"2026-02-11 10:59:14","2026-02-11 11:31:14","OPD","Urgent",32.0
1958,"2026-02-24 14:58:51","2026-02-24 15:10:51","OPD","Urgent",12.07
1959,"2026-01-19 00:33:41","2026-01-19 01:06:41","Lab","Normal",32.51
1960,"2026-01-18 11:10:33","2026-01-18 11:28:33","OPD","Urgent",18.49
1961,"2026-01-31 19:51:36","2026-01-31 20:26:36","OPD","Normal",34.55
1962,"2026-02-09 02:47:54","2026-02-09 03:03:54","Radiology","Urgent",16.38
1963,"2026-03-01 23:14:17","2026-03-01 23:28:17","Lab","Normal",14.15
1964,"2026-01-01 16:00:33","2026-01-01 16:32:33","OPD","Urgent",32.03
1965,"2026-02-21 08:56:19","2026-02-21 09:11:19","ER","Critical",14.56
1966,"2026-02-16 17:14:30","2026-02-16 17:30:30","Lab","Normal",16.4
1967,"2026-02-13 05:51:55","2026-02-13 06:13:55","Lab","Urgent",21.65
1968,"2026-01-09 15:16:41","2026-01-09 15:37:41","ER","Urgent",20.95
1969,"2026-03-01 13:18:04","2026-03-01 13:34:04","Radiology","Critical",15.83
1970,"2026-02-17 12:51:37","2026-02-17 13:20:37","Lab","Urgent",28.89
1971,"2026-01-21 21:44:32","2026-01-21 22:14:32","ER","Urgent",30.37
1972,"2026-01-21 07:58:17","2026-01-21 08:20:17","Radiology","Critical",21.86
1973,"2026-01-01 13:08:51","2026-01-01 13:19:51","ER","Urgent",11.41
1974,"2026-02-10 23:55:58","2026-02-11 00:22:58","Lab","Normal",27.02
1975,"2026-02-07 16:00:16","2026-02-07 16:18:16","OPD","Urgent",18.39
1976,"2026-02-28 23:01:10","2026-02-28 23:27:10","Lab","Urgent",25.86
1977,"2026-01-12 23:20:00","2026-01-12 23:35:00","ER","Critical",14.79
1978,"2026-02-20 18:46:11","2026-02-20 19:11:11","Radiology","Normal",24.9
1979,"2026-01-09 12:04:12","2026-01-09 12:10:12","Lab","Urgent",5.76
1980,"2026-01-04 03:44:58","2026-01-04 04:18:58","Lab","Urgent",34.06
1981,"2026-02-03 20:24:42","2026-02-03 20:36:42","Lab","Normal",12.42
1982,"2026-01-16 01:30:09","2026-01-16 01:45:09","Radiology","Urgent",14.78
1983,"2026-01-25 14:02:01","2026-01-25 14:32:01","Radiology","Normal",29.71
1984,"2026-01-13 11:54:08","2026-01-13 12:02:08","Radiology","Urgent",8.47
1985,"2026-01-15 17:47:38","2026-01-15 18:21:38","ER","Urgent",33.93
1986,"2026-01-25 03:14:52","2026-01-25 03:32:52","Radiology","Critical",17.51
1987,"2026-01-05 08:43:21","2026-01-05 09:16:21","OPD","Urgent",33.16
1988,"2026-01-22 16:49:13","2026-01-22 16:58:13","Lab","Urgent",9.12
1989,"2026-01-10 22:54:53","2026-01-10 23:00:53","Lab","Urgent",6.44
1990,"2026-02-06 17:18:07","2026-02-06 17:34:07","Radiology","Urgent",15.7
1991,"2026-01-29 22:31:34","2026-01-29 22:49:34","Lab","Normal",17.53
1992,"2026-02-21 13:01:55","2026-02-21 13:19:55","Lab","Urgent",17.72
1993,"2026-02-05 05:23:38","2026-02-05 05:46:38","OPD","Urgent",23.17
1994,"2026-02-17 02:34:05","2026-02-17 02:50:05","Lab","Urgent",16.23
1995,"2026-02-14 11:59:22","2026-02-14 12:14:22","OPD","Critical",15.02
1996,"2026-02-17 16:27:06","2026-02-17 16:41:06","ER","Urgent",13.84
1997,"2026-02-01 15:47:37","2026-02-01 16:21:37","ER","Critical",33.87
1998,"2026-02-06 04:39:43","2026-02-06 04:51:43","OPD","Critical",12.26
1999,"2026-01-11 07:46:29","2026-01-11 07:52:29","Lab","Critical",6.11
2000,"2026-01-10 09:10:47","2026-01-10 09:18:47","Radiology","Urgent",7.53
